vocals1_speech_0.wav|Được tác giả sáng tác vào năm 1948 tại Phủ Lưu Tranh.
vocals1_speech_1.wav|Lại nhung nhớ về những ngày hòa bình và vệ đẹp của người thiếu nữ.
vocals1_speech_2.wav|Những người lính lấy giấc mơ tuổi trẻ làm động lực trên con đường chiến đấu gian.
vocals1_speech_3.wav|đã khẳng định được tinh thần làm chủ quê hương của con người Việt Nam.
vocals1_speech_4.wav|lại nhằm để diễn tả sự lớn mạnh nhanh chóng của lực lượng kháng chiến.
vocals1_speech_5.wav|chiến đấu vì giấc mơ và lý tưởng cao đẹp của cộng đồng.
vocals2_speech_0.wav|Chỉ có các bạn nữ mới có thể sử dụng được từ ngữ một cách mềm mại.
vocals2_speech_1.wav|thì nỗi nhớ cũng là một đề tài rất quen thuộc đối với tất cả chúng ta rồi
vocals2_speech_10.wav|và khắc họa được nỗi hoài niệm sâu thẳm trong tâm hồn người viết.
vocals2_speech_11.wav|Sau khi chúng ta xong đoạn khái quát về tác giả tác phẩm,
vocals2_speech_12.wav|Đối với đề bài so sánh thì các bạn có thể lựa chọn cách rõ ràng nhất.
vocals2_speech_13.wav|Ta sẽ cùng khám phá nét đặc sắc trong chất thơ của nhà văn Sứ Đoài Mây Trắng.
vocals2_speech_14.wav|Chảo râm trong lòng không thể kìm nén được của người đại đội trưởng.
vocals2_speech_15.wav|Một cảm giác nhớ nhung về thời quá vãng mà ông không thể quay trở lại được.
vocals2_speech_16.wav|Những nhà thơ luôn tìm về quá khứ trong điểm nhung nhớ vô bờ.
vocals2_speech_17.wav|Cả hai nhà thơ đều lấy thiên nhiên làm khởi nguồn của đỗi nhớ.
vocals2_speech_18.wav|Đó là hình ảnh thiên nhiên rừng núi Tây Bắc đầy hùng vĩ.
vocals2_speech_19.wav|là cả hai nhà thơ đều mang trong mình một nỗi nhớ lửng lơ.
vocals2_speech_2.wav|Chúng ta nhớ một người nào đó đã không còn đồng hành với chúng ta trong hiện tại.
vocals2_speech_20.wav|Quang Dũng hình tượng hóa nỗi nhớ ấy bằng từ lấy, chơi, phơi.
vocals2_speech_21.wav|Như bào phủ lấy không gian của nơi chính khu đầy gian khổ.
vocals2_speech_22.wav|Sau khi mài mê trong những bức tranh thiên nhiên tươi đẹp của chốn Tây Bắc,
vocals2_speech_23.wav|Quang Dũng lại mân mê trong tâm hồn những khúc hành quân.
vocals2_speech_24.wav|Khi Quang Dũng nhớ về những địa phương trong địa bàn hoạt động của Tây Tiến,
vocals2_speech_25.wav|một nơi đóng vai trò như là liều thuốc đầy lùi sự nhọc nhằn của người lĩnh.
vocals2_speech_26.wav|Những bông hoa ấy đã mang lại cho họ một cảm giác rất dễ chịu.
vocals2_speech_27.wav|Có một lỗi trong quá trình các bạn viết mà cô thấy rằng rất nhiều bạn mắc phải.
vocals2_speech_28.wav|Đó là các bạn không biết cách để chuyển ý từ đoạn này sang đoạn khác
vocals2_speech_29.wav|Thì các bạn để ý là cái câu vừa rồi của bạn Khánh Toàn chính là một cách để bạn ấy chuyển ý.
vocals2_speech_3.wav|một bạn học sinh của lớp Tổng ôn và luyện đề 2K4.
vocals2_speech_30.wav|Nỗi nhớ về Việt Bắc đã được tô đầm ở ngay hai câu thơ đầu khổ.
vocals2_speech_31.wav|Nhà văn Haruki Murakami đã từng viết trong cuốn sách về tình yêu dựng Na Uy của mình rằng
vocals2_speech_32.wav|Các bạn hãy phân tích kỹ hơn cho cô vào các từ, ví dụ như từ từng chẳng hạn.
vocals2_speech_33.wav|Tại sao không nói là nhớ các bản khói, nhớ những bản khói, nhớ mọi bản khói?
vocals2_speech_34.wav|chịu thương chịu khó của những cô gái nuôi quân nơi chiến khu Việt Bắc.
vocals2_speech_35.wav|Hiện lên như những buổi đoàn tù âm cúng với tỉnh quân dân nồng được.
vocals2_speech_36.wav|Như vậy đến đây là bạn Khánh Toàn đã phân tích xong từng đoạn thơ mà đề bài đưa ra rồi nè.
vocals2_speech_37.wav|Thì các bạn sẽ phải có một cái đoạn các bạn đối chiếu và đánh giá
vocals2_speech_38.wav|Cái ý so sánh từ đề bài nó sẽ rõ ràng hơn rất là nhiều
vocals2_speech_39.wav|Vì lúc tìm quên lại là lúc lòng càng nhớ nhung ra riết.
vocals2_speech_4.wav|và tập trung khai thác những sự kiện lịch sử đầy hào hùng của dân tộc.
vocals2_speech_40.wav|đã được bảo toàn một cách thật dịu dàng trong mỗi trái tim.
vocals2_speech_41.wav|cũng đều sử dụng các hình ảnh thiên nhiên để làm nền cho nỗi nhớ của bản thân mình.
vocals2_speech_42.wav|dường như được tả rõ nét hơn với hình ảnh so sánh nhớ người yêu.
vocals2_speech_43.wav|Cô thấy rằng là nhiều lúc các bạn khi viết bài so sánh thì quên mất cái đoạn này.
vocals2_speech_44.wav|thì làm như vậy chúng ta sẽ không đáp ứng được yêu cầu của một bài so sánh liên hệ.
vocals2_speech_45.wav|Nên là các bạn cũng hoàn toàn có thể chuẩn bị một cuốn sổ tay nhỏ nhỏ và bút.
vocals2_speech_46.wav|Những thanh âm mà hai nhà thơ cất lên như một hồi chuông đánh từ thời quá vãng.
vocals2_speech_47.wav|Thế nhưng nỗi nhớ ấy không làm ta trở nên chán nản.
vocals2_speech_48.wav|Yếu đuối mà chỉ là phương tiện để ta cùng nhau hướng về những ngày tháng mới.
vocals2_speech_49.wav|để tiếp tục những hành trình mới trên chặng đường cách mạng dài và đầy thử thách.
vocals2_speech_5.wav|Chính những cảm xúc nhung nhớ và sự chân thành trong từng bước chân
vocals2_speech_50.wav|Các bạn sẽ thấy rằng là có cả tên của những tác giả trẻ rất là hiện đại.
vocals2_speech_51.wav|mà bạn đã đưa vào, cái quan trọng là bạn đưa vào một cách phù hợp với đoạn đó
vocals2_speech_52.wav|Với đề bài này, các bạn có bổ sung hoặc chia sẻ gì với bạn Toàn hay không?
vocals2_speech_53.wav|Các bạn vừa tham khảo được thêm về những cách viết của các bạn học sinh khác.
vocals2_speech_54.wav|Đồng thời, chúng ta cũng rất kinh nghiệm được trong quá trình mà mình làm bài các bạn nhé.
vocals2_speech_55.wav|Thì các bạn có thể để lại bình luận hoặc nhắn tin về fanpage nha các bạn
vocals2_speech_56.wav|và đồng hành gián tiếp với bạn Khánh Toàn trong radio ngày hôm nay.
vocals2_speech_57.wav|Bây giờ thì chắc hẳn là đã đến lúc để chúng ta nói lời chào tạm biệt rồi.
vocals2_speech_58.wav|Đừng quên là hãy thả tim cho cô ở video này.
vocals2_speech_6.wav|Đồng thời cũng làm cho Tây Tiến trở thành một nỗi niềm.
vocals2_speech_7.wav|lại lồng cảm hứng từ các sự kiện lịch sử quan trọng của đất nước.
vocals2_speech_8.wav|Sau khi Hiệp định Geneva được ký kết vào năm 1954,
vocals2_speech_9.wav|Ông đã viết bài thơ như một cách để lưu giữ lại những bức ảnh đầy sống độc.