01-RADIO VĂN HỌC #1： HÌNH TƯỢNG NGƯỜI LÍNH TRONG ＂TÂY TIẾN＂ VÀ ＂VIỆT BẮC＂_seg_000.wav|Chủ đề người lính và chiến tranh luôn là nguồn cảm hứng bất tận cho thơ ca thời kỳ kháng chiến.
01-RADIO VĂN HỌC #1： HÌNH TƯỢNG NGƯỜI LÍNH TRONG ＂TÂY TIẾN＂ VÀ ＂VIỆT BẮC＂_seg_001.wav|lại mang một điều hồn vừa bí tráng vừa lãng mạn trong tây tiến.
01-RADIO VĂN HỌC #1： HÌNH TƯỢNG NGƯỜI LÍNH TRONG ＂TÂY TIẾN＂ VÀ ＂VIỆT BẮC＂_seg_002.wav|được tác giả sáng tác vào năm 1948 tại Phú Lưu Tranh.
01-RADIO VĂN HỌC #1： HÌNH TƯỢNG NGƯỜI LÍNH TRONG ＂TÂY TIẾN＂ VÀ ＂VIỆT BẮC＂_seg_003.wav|Người lính Tây tiến hiện lên với một nét vẽ chân dung đầy gân quốc.
01-RADIO VĂN HỌC #1： HÌNH TƯỢNG NGƯỜI LÍNH TRONG ＂TÂY TIẾN＂ VÀ ＂VIỆT BẮC＂_seg_004.wav|không mặc tóc. Đó chính là hậu quả của những trận xốt xét rừng khủng khiếp.
01-RADIO VĂN HỌC #1： HÌNH TƯỢNG NGƯỜI LÍNH TRONG ＂TÂY TIẾN＂ VÀ ＂VIỆT BẮC＂_seg_005.wav|Như chính hữu cũng đã từng khắc họa rất rõ trong đồng chí.
01-RADIO VĂN HỌC #1： HÌNH TƯỢNG NGƯỜI LÍNH TRONG ＂TÂY TIẾN＂ VÀ ＂VIỆT BẮC＂_seg_006.wav|dường như đã khắc họa cho chúng ta rất rõ sự chủ động, tự nguyện và ngang tàn.
01-RADIO VĂN HỌC #1： HÌNH TƯỢNG NGƯỜI LÍNH TRONG ＂TÂY TIẾN＂ VÀ ＂VIỆT BẮC＂_seg_007.wav|Người bộ đội cụ hổ trên đường đi bảo vệ độc lập tự do cho tổ quốc.
01-RADIO VĂN HỌC #1： HÌNH TƯỢNG NGƯỜI LÍNH TRONG ＂TÂY TIẾN＂ VÀ ＂VIỆT BẮC＂_seg_008.wav|Lại nhung nhớ về những ngày hòa bình và vệ đẹp của người thiếu nữa.
01-RADIO VĂN HỌC #1： HÌNH TƯỢNG NGƯỜI LÍNH TRONG ＂TÂY TIẾN＂ VÀ ＂VIỆT BẮC＂_seg_009.wav|những người lính lấy giấc mơ tuổi trẻ làm động lực trên con đường chiến đấu gian nam.
01-RADIO VĂN HỌC #1： HÌNH TƯỢNG NGƯỜI LÍNH TRONG ＂TÂY TIẾN＂ VÀ ＂VIỆT BẮC＂_seg_010.wav|giống người lính vẫn sống, vẫn tồn tại trong đạt bom khắc nghiệt.
01-RADIO VĂN HỌC #1： HÌNH TƯỢNG NGƯỜI LÍNH TRONG ＂TÂY TIẾN＂ VÀ ＂VIỆT BẮC＂_seg_011.wav|đã khẳng định được tinh thần làm chủ quê hương của con người Việt Nam.
01-RADIO VĂN HỌC #1： HÌNH TƯỢNG NGƯỜI LÍNH TRONG ＂TÂY TIẾN＂ VÀ ＂VIỆT BẮC＂_seg_012.wav|lại nhằm để diễn tả sự lớn mạnh nhanh chóng của lực lượng kháng chiến.
01-RADIO VĂN HỌC #1： HÌNH TƯỢNG NGƯỜI LÍNH TRONG ＂TÂY TIẾN＂ VÀ ＂VIỆT BẮC＂_seg_013.wav|như nâng hình ảnh của đoạn quân lên sánh ngang tầm tạo hóa.
01-RADIO VĂN HỌC #1： HÌNH TƯỢNG NGƯỜI LÍNH TRONG ＂TÂY TIẾN＂ VÀ ＂VIỆT BẮC＂_seg_014.wav|khiến ta liên tường từ những bản hùng ca với chất sử thi đậm nét.
01-RADIO VĂN HỌC #1： HÌNH TƯỢNG NGƯỜI LÍNH TRONG ＂TÂY TIẾN＂ VÀ ＂VIỆT BẮC＂_seg_015.wav|lại là biểu tượng cho khát vọng lý tưởng của niềm lạc quan trong tâm hồn người lính gia trận.
01-RADIO VĂN HỌC #1： HÌNH TƯỢNG NGƯỜI LÍNH TRONG ＂TÂY TIẾN＂ VÀ ＂VIỆT BẮC＂_seg_016.wav|chiến đấu vì giấc mơ và lý tưởng cao đẹp của cộng đồng.
01-RADIO VĂN HỌC #1： HÌNH TƯỢNG NGƯỜI LÍNH TRONG ＂TÂY TIẾN＂ VÀ ＂VIỆT BẮC＂_seg_017.wav|tạo nên hai thi phẩm có sức trường tồn vượt qua băng hoại của thời gian.
02-RADIO VĂN HỌC #2： NỖI NHỚ TRONG ＂TÂY TIẾN＂ VÀ ＂VIỆT BẮC＂_seg_000.wav|Thế rồi nhiều bạn cứ mặc định rằng là chỉ có các bạn nữ mới có thể sử dụng được từ ngữ một cách mềm mại.
02-RADIO VĂN HỌC #2： NỖI NHỚ TRONG ＂TÂY TIẾN＂ VÀ ＂VIỆT BẮC＂_seg_001.wav|thì đội nhớ cũng là một đề tài rất vên thuộc đối với tất cả chúng ta rồi.
02-RADIO VĂN HỌC #2： NỖI NHỚ TRONG ＂TÂY TIẾN＂ VÀ ＂VIỆT BẮC＂_seg_002.wav|Chúng ta nhớ một người nào đó đã không còn đồng hành với chúng ta trong hiện tại.
02-RADIO VĂN HỌC #2： NỖI NHỚ TRONG ＂TÂY TIẾN＂ VÀ ＂VIỆT BẮC＂_seg_003.wav|một bạn học sinh của lớp Tổng ôn và Luyện Đề 24.
02-RADIO VĂN HỌC #2： NỖI NHỚ TRONG ＂TÂY TIẾN＂ VÀ ＂VIỆT BẮC＂_seg_004.wav|Khánh toàn cũng bộc lộ sự nghệ cảm và tối chất phân học rất rõ.
02-RADIO VĂN HỌC #2： NỖI NHỚ TRONG ＂TÂY TIẾN＂ VÀ ＂VIỆT BẮC＂_seg_005.wav|Đầu tiên, chúng ta sẽ ủng lắng nghe mở bài của bạn Toàn.
02-RADIO VĂN HỌC #2： NỖI NHỚ TRONG ＂TÂY TIẾN＂ VÀ ＂VIỆT BẮC＂_seg_006.wav|và tập trung khai thác những sự kiện lịch sử đầy hào hùng của dân tộc.
02-RADIO VĂN HỌC #2： NỖI NHỚ TRONG ＂TÂY TIẾN＂ VÀ ＂VIỆT BẮC＂_seg_007.wav|càng được bập lộ rõ qua hai bài thư tiêu biểu của hai thi sĩ.
02-RADIO VĂN HỌC #2： NỖI NHỚ TRONG ＂TÂY TIẾN＂ VÀ ＂VIỆT BẮC＂_seg_008.wav|nên những khung cảnh và con người được binh họa trong Tây Tiến và Việt Bắc.
02-RADIO VĂN HỌC #2： NỖI NHỚ TRONG ＂TÂY TIẾN＂ VÀ ＂VIỆT BẮC＂_seg_009.wav|chính những cảm xúc nhung nhớ và sự chân thành trong từng bước chân.
02-RADIO VĂN HỌC #2： NỖI NHỚ TRONG ＂TÂY TIẾN＂ VÀ ＂VIỆT BẮC＂_seg_010.wav|đồng thời cũng làm cho Tây Tiến trở thành một nỗi niềm.
02-RADIO VĂN HỌC #2： NỖI NHỚ TRONG ＂TÂY TIẾN＂ VÀ ＂VIỆT BẮC＂_seg_011.wav|Nếu như Quang Dũng dựa vào những xúc cảm ấy của bản thân để viết nên những dòng thơ cho đời,
02-RADIO VĂN HỌC #2： NỖI NHỚ TRONG ＂TÂY TIẾN＂ VÀ ＂VIỆT BẮC＂_seg_012.wav|lại lòng cảm hứng từ các sự kiện lịch sử quan trọng của đất nước.
02-RADIO VĂN HỌC #2： NỖI NHỚ TRONG ＂TÂY TIẾN＂ VÀ ＂VIỆT BẮC＂_seg_013.wav|sau khi hiệp định Geneva được ký kết vào năm 1954.
02-RADIO VĂN HỌC #2： NỖI NHỚ TRONG ＂TÂY TIẾN＂ VÀ ＂VIỆT BẮC＂_seg_014.wav|Vì thế, ông đã viết bài thơ như một cách để lưu giữ lại những bức ảnh đầy sống độc.
02-RADIO VĂN HỌC #2： NỖI NHỚ TRONG ＂TÂY TIẾN＂ VÀ ＂VIỆT BẮC＂_seg_015.wav|và khắc họa được nỗi hoài niệm sâu thầm trong tâm hồn gửi viết.
02-RADIO VĂN HỌC #2： NỖI NHỚ TRONG ＂TÂY TIẾN＂ VÀ ＂VIỆT BẮC＂_seg_016.wav|Sau khi chúng ta xong đoạn khái quát về tác giả tạp phẩm, chúng ta sẽ bắt đầu đi vào phân tích các bạn nhé.
02-RADIO VĂN HỌC #2： NỖI NHỚ TRONG ＂TÂY TIẾN＂ VÀ ＂VIỆT BẮC＂_seg_017.wav|Đối với đề bài so sánh thì các bạn có thể lựa chọn cách rõ ràng nhất.
02-RADIO VĂN HỌC #2： NỖI NHỚ TRONG ＂TÂY TIẾN＂ VÀ ＂VIỆT BẮC＂_seg_018.wav|Ta sẽ cùng khám phá nét đặc sắc trong chất thơ của nhà văn xứ đoài mây trắng.
02-RADIO VĂN HỌC #2： NỖI NHỚ TRONG ＂TÂY TIẾN＂ VÀ ＂VIỆT BẮC＂_seg_019.wav|như làm cho đoạn quân ấy hòa vào không cành của đuổi rừng biển Tây Hùng Vĩ.
02-RADIO VĂN HỌC #2： NỖI NHỚ TRONG ＂TÂY TIẾN＂ VÀ ＂VIỆT BẮC＂_seg_020.wav|chảo dâng trong lòng không thể kìm nén được của người đại đội trường.
02-RADIO VĂN HỌC #2： NỖI NHỚ TRONG ＂TÂY TIẾN＂ VÀ ＂VIỆT BẮC＂_seg_021.wav|Một cảm giác nhớ Nhung về thời quá vãng mà ông không thể quay trở lại được.
02-RADIO VĂN HỌC #2： NỖI NHỚ TRONG ＂TÂY TIẾN＂ VÀ ＂VIỆT BẮC＂_seg_022.wav|ta cũng bắt gặp những bài thơ, những nhà thơ luôn tìm về quá khứ trong điểm nhung nhớ vô bờ.
02-RADIO VĂN HỌC #2： NỖI NHỚ TRONG ＂TÂY TIẾN＂ VÀ ＂VIỆT BẮC＂_seg_023.wav|Cả hai nhà thơ đều lấy thiên nhiên làm khởi nguồn của đỗi nhớ.
02-RADIO VĂN HỌC #2： NỖI NHỚ TRONG ＂TÂY TIẾN＂ VÀ ＂VIỆT BẮC＂_seg_024.wav|đó là hình ảnh thiên nhiên, rừng núi Tây Bắc đầy hùng vĩ.
02-RADIO VĂN HỌC #2： NỖI NHỚ TRONG ＂TÂY TIẾN＂ VÀ ＂VIỆT BẮC＂_seg_025.wav|ngọn lửa để làm bật lên đội nhớ gia giết của người chiến sĩ.
02-RADIO VĂN HỌC #2： NỖI NHỚ TRONG ＂TÂY TIẾN＂ VÀ ＂VIỆT BẮC＂_seg_026.wav|là cả hai nhà thơ đều mang trong mình một đỗi nhớ lửng lơ.
02-RADIO VĂN HỌC #2： NỖI NHỚ TRONG ＂TÂY TIẾN＂ VÀ ＂VIỆT BẮC＂_seg_027.wav|quảng dũng hình tựa hóa đội nhớ ấy bằng từ lấy chơi vơi.
02-RADIO VĂN HỌC #2： NỖI NHỚ TRONG ＂TÂY TIẾN＂ VÀ ＂VIỆT BẮC＂_seg_028.wav|còn quyết định thi lại khắc họa nó bằng những hình ảnh ông chọn lượm.
02-RADIO VĂN HỌC #2： NỖI NHỚ TRONG ＂TÂY TIẾN＂ VÀ ＂VIỆT BẮC＂_seg_029.wav|vì bảo phủ lấy không gian của nơi chính khu đầy gian khổ.
02-RADIO VĂN HỌC #2： NỖI NHỚ TRONG ＂TÂY TIẾN＂ VÀ ＂VIỆT BẮC＂_seg_030.wav|sau khi mà bài bê trong những bức tranh thiên nhiên tươi đẹp của chúng Tây Bắc.
02-RADIO VĂN HỌC #2： NỖI NHỚ TRONG ＂TÂY TIẾN＂ VÀ ＂VIỆT BẮC＂_seg_031.wav|quang dũng lại mân mê trong tâm hồn những khúc hành quân.
02-RADIO VĂN HỌC #2： NỖI NHỚ TRONG ＂TÂY TIẾN＂ VÀ ＂VIỆT BẮC＂_seg_032.wav|khi Quang Dũng nhớ về những địa phương trong địa bản hoạt động của Tây Tiến.
02-RADIO VĂN HỌC #2： NỖI NHỚ TRONG ＂TÂY TIẾN＂ VÀ ＂VIỆT BẮC＂_seg_033.wav|gồ gề mà còn không thể quan sát được những gì đang dần hiện ra phía trước.
02-RADIO VĂN HỌC #2： NỖI NHỚ TRONG ＂TÂY TIẾN＂ VÀ ＂VIỆT BẮC＂_seg_034.wav|một nơi đóng vai trò như là liều thuốc đầy lùi sự nhọc nhằn của người lĩnh.
02-RADIO VĂN HỌC #2： NỖI NHỚ TRONG ＂TÂY TIẾN＂ VÀ ＂VIỆT BẮC＂_seg_035.wav|Những bông hoa ấy đã mang lại cho họ một cảm giác rất dễ chịu.
02-RADIO VĂN HỌC #2： NỖI NHỚ TRONG ＂TÂY TIẾN＂ VÀ ＂VIỆT BẮC＂_seg_036.wav|Dường như mỗi đoàn quân có những cách giải tỏ căng thẳng khác nhau.
02-RADIO VĂN HỌC #2： NỖI NHỚ TRONG ＂TÂY TIẾN＂ VÀ ＂VIỆT BẮC＂_seg_037.wav|Niềm vui của các người chiến sĩ vận tài dọc đường Trường Sơn chỉ là những tràng cười ha ha được tạo ra từ bụi phun tóc trắng như người già.
02-RADIO VĂN HỌC #2： NỖI NHỚ TRONG ＂TÂY TIẾN＂ VÀ ＂VIỆT BẮC＂_seg_038.wav|Họ phải có một tâm hồn tinh tế bay bộng đến thế nào.
02-RADIO VĂN HỌC #2： NỖI NHỚ TRONG ＂TÂY TIẾN＂ VÀ ＂VIỆT BẮC＂_seg_039.wav|Nếu nỗi nhớ về tây tiếng của Quang Dũng là một nỗi nhớ lửng lơ.
02-RADIO VĂN HỌC #2： NỖI NHỚ TRONG ＂TÂY TIẾN＂ VÀ ＂VIỆT BẮC＂_seg_040.wav|thì Tố Hữu lại có cách miêu tả, làm cho sự nhớ nhung ấy hiện lên một cách rõ ràng.
02-RADIO VĂN HỌC #2： NỖI NHỚ TRONG ＂TÂY TIẾN＂ VÀ ＂VIỆT BẮC＂_seg_041.wav|Các bạn sẽ thấy rằng là có một lỗi trong quá trình các bạn viết mà có thấy rằng rất nhiều bạn mắc phải.
02-RADIO VĂN HỌC #2： NỖI NHỚ TRONG ＂TÂY TIẾN＂ VÀ ＂VIỆT BẮC＂_seg_042.wav|Đó là các bạn không biết cách để chuyển ý từ đoạn này sang đoạn khác.
02-RADIO VĂN HỌC #2： NỖI NHỚ TRONG ＂TÂY TIẾN＂ VÀ ＂VIỆT BẮC＂_seg_043.wav|Các bạn để ý là câu vừa rồi của bạn Khánh Toàn chính là một cách để bạn ấy chuyển ý.
02-RADIO VĂN HỌC #2： NỖI NHỚ TRONG ＂TÂY TIẾN＂ VÀ ＂VIỆT BẮC＂_seg_044.wav|Nỗi nhớ về Việt Bắc đã được tô đầm ở ngay hai câu thơ đầu hồ.
02-RADIO VĂN HỌC #2： NỖI NHỚ TRONG ＂TÂY TIẾN＂ VÀ ＂VIỆT BẮC＂_seg_045.wav|Tác xả đã rất tinh tế khi ví nỗi nhớ Việt Bắc như nỗi nhớ người yêu.
02-RADIO VĂN HỌC #2： NỖI NHỚ TRONG ＂TÂY TIẾN＂ VÀ ＂VIỆT BẮC＂_seg_046.wav|Nhà văn Haruki Murakami đã từng viết trong cuốn sách về tình yêu dựng Naui của mình rằng
02-RADIO VĂN HỌC #2： NỖI NHỚ TRONG ＂TÂY TIẾN＂ VÀ ＂VIỆT BẮC＂_seg_047.wav|Chúng ta nên phân tích câu thơ này kỹ hơn để các bạn có thể có một bài làm hoàn chỉnh hơn nữa.
02-RADIO VĂN HỌC #2： NỖI NHỚ TRONG ＂TÂY TIẾN＂ VÀ ＂VIỆT BẮC＂_seg_048.wav|Đó là trong câu nhớ từng bản khói cùng xương. Các bạn hãy phân tích tĩ hơn cho cô và các từ, ví dụ như từ từ từng chẳng hạn.
02-RADIO VĂN HỌC #2： NỖI NHỚ TRONG ＂TÂY TIẾN＂ VÀ ＂VIỆT BẮC＂_seg_049.wav|Tại sao không nói là nhớ các bản khói, nhớ những bản khói, nhớ mọi bản khói?
02-RADIO VĂN HỌC #2： NỖI NHỚ TRONG ＂TÂY TIẾN＂ VÀ ＂VIỆT BẮC＂_seg_050.wav|đảm đàng, chịu thương chịu khó của những cô gái nuôi quân ở trên khu Việt Bắc.
02-RADIO VĂN HỌC #2： NỖI NHỚ TRONG ＂TÂY TIẾN＂ VÀ ＂VIỆT BẮC＂_seg_051.wav|hiện lên như những buổi đoàn tù ấm cúng với tình quân dân nồng được.
02-RADIO VĂN HỌC #2： NỖI NHỚ TRONG ＂TÂY TIẾN＂ VÀ ＂VIỆT BẮC＂_seg_052.wav|Tô Hữu đã đẩy thương để nhớ một cô gái miền núi nào đó.
02-RADIO VĂN HỌC #2： NỖI NHỚ TRONG ＂TÂY TIẾN＂ VÀ ＂VIỆT BẮC＂_seg_053.wav|Như vậy đến đây là bản Khánh toàn đã phân tích xong từng đoạn thơ mà đề bài đưa ra rồi này.
02-RADIO VĂN HỌC #2： NỖI NHỚ TRONG ＂TÂY TIẾN＂ VÀ ＂VIỆT BẮC＂_seg_054.wav|thì các bạn sẽ phải có một cái đoạn các bạn đối chiếu và đánh giá.
02-RADIO VĂN HỌC #2： NỖI NHỚ TRONG ＂TÂY TIẾN＂ VÀ ＂VIỆT BẮC＂_seg_055.wav|Cái ý so sánh từ đề bài nó sẽ rõ ràng hơn rất là nhiều.
02-RADIO VĂN HỌC #2： NỖI NHỚ TRONG ＂TÂY TIẾN＂ VÀ ＂VIỆT BẮC＂_seg_056.wav|Vì lúc tìm quên lại là lúc lòng càng nhớ Nhung ra giết.
02-RADIO VĂN HỌC #2： NỖI NHỚ TRONG ＂TÂY TIẾN＂ VÀ ＂VIỆT BẮC＂_seg_057.wav|Có lẽ vì thế mà cảm giác của hai nhà thơ khi thể hiện một nỗi hoài niệm của mình.
02-RADIO VĂN HỌC #2： NỖI NHỚ TRONG ＂TÂY TIẾN＂ VÀ ＂VIỆT BẮC＂_seg_058.wav|đã được bảo toàn một cách thật dịu dàng trong mỗi trái tim.
02-RADIO VĂN HỌC #2： NỖI NHỚ TRONG ＂TÂY TIẾN＂ VÀ ＂VIỆT BẮC＂_seg_059.wav|cũng đều sử dụng các hình ảnh thiên nhiên để làm nền cho nỗi nhớ của bản thân mình.
02-RADIO VĂN HỌC #2： NỖI NHỚ TRONG ＂TÂY TIẾN＂ VÀ ＂VIỆT BẮC＂_seg_060.wav|Tuy nhiên, nỗi nhớ trong Việt Bắc dường như được tả rõ nét hơn với hình ảnh so sánh nhớ người yêu.
02-RADIO VĂN HỌC #2： NỖI NHỚ TRONG ＂TÂY TIẾN＂ VÀ ＂VIỆT BẮC＂_seg_061.wav|Như vậy, các bạn có thể thấy rằng đoạn đánh giá vừa rồi khánh toàn đã đánh giá đầu tiên là điểm trung.
02-RADIO VĂN HỌC #2： NỖI NHỚ TRONG ＂TÂY TIẾN＂ VÀ ＂VIỆT BẮC＂_seg_062.wav|Cô thấy rằng là nhiều lúc các bạn khi viết bài so sánh thì quên mất cái đoạn này.
02-RADIO VĂN HỌC #2： NỖI NHỚ TRONG ＂TÂY TIẾN＂ VÀ ＂VIỆT BẮC＂_seg_063.wav|mà các bạn chỉ đánh giá về đặc sắc nghệ thuật như là với những đề bài khác thôi, thì làm như vậy chúng ta sẽ không đáp ứng được yêu cầu của một bài so sánh liên hệ.
02-RADIO VĂN HỌC #2： NỖI NHỚ TRONG ＂TÂY TIẾN＂ VÀ ＂VIỆT BẮC＂_seg_064.wav|Thông qua những radio như thế này, chúng ta cũng không chỉ nghe giọng phận của các bạn khác.
02-RADIO VĂN HỌC #2： NỖI NHỚ TRONG ＂TÂY TIẾN＂ VÀ ＂VIỆT BẮC＂_seg_065.wav|nên là các bạn cũng hoàn toàn có thể chuẩn bị 1 cuốn xùt tay nhỏ nhỏ và bút.
02-RADIO VĂN HỌC #2： NỖI NHỚ TRONG ＂TÂY TIẾN＂ VÀ ＂VIỆT BẮC＂_seg_066.wav|Hai tác giả đã dốc hết tâm can và phơi trải mọi cảm xúc nhiệt hành của bản thân mình.
02-RADIO VĂN HỌC #2： NỖI NHỚ TRONG ＂TÂY TIẾN＂ VÀ ＂VIỆT BẮC＂_seg_067.wav|Những thanh âm mà hai nhà thơ cất lên như một hồi chuông đánh từ thời quá vãng.
02-RADIO VĂN HỌC #2： NỖI NHỚ TRONG ＂TÂY TIẾN＂ VÀ ＂VIỆT BẮC＂_seg_068.wav|Thế nhưng, lỗi nhờ ấy không làm ta trở nên chán nạn.
02-RADIO VĂN HỌC #2： NỖI NHỚ TRONG ＂TÂY TIẾN＂ VÀ ＂VIỆT BẮC＂_seg_069.wav|yếu đuối mà chỉ là phương tiện để ta cùng nhau hướng về những ngày tháng mới.
02-RADIO VĂN HỌC #2： NỖI NHỚ TRONG ＂TÂY TIẾN＂ VÀ ＂VIỆT BẮC＂_seg_070.wav|để tiếp tục những hành trình mới trên trạng đường cách mạng dài và đầy thử thách.
02-RADIO VĂN HỌC #2： NỖI NHỚ TRONG ＂TÂY TIẾN＂ VÀ ＂VIỆT BẮC＂_seg_071.wav|toàn đã có thể hiện được những tố chất văn học và những điểm mạnh của riêng mình.
02-RADIO VĂN HỌC #2： NỖI NHỚ TRONG ＂TÂY TIẾN＂ VÀ ＂VIỆT BẮC＂_seg_072.wav|các bạn sẽ thấy rằng là có cả tên của những tác giả trẻ rất là hiện đại.
02-RADIO VĂN HỌC #2： NỖI NHỚ TRONG ＂TÂY TIẾN＂ VÀ ＂VIỆT BẮC＂_seg_073.wav|mà bạn đã đưa vào, cách quan trọng là bạn đưa vào một cách phù hợp với đoạn đó.
02-RADIO VĂN HỌC #2： NỖI NHỚ TRONG ＂TÂY TIẾN＂ VÀ ＂VIỆT BẮC＂_seg_074.wav|Vậy các bạn thì thấy sao đối với bài làm của bạn Đinh Khánh Toàn?
02-RADIO VĂN HỌC #2： NỖI NHỚ TRONG ＂TÂY TIẾN＂ VÀ ＂VIỆT BẮC＂_seg_075.wav|Với đề bài này, các bạn có bổ sung hoặc chia sẻ gì với bản toán hay không?
02-RADIO VĂN HỌC #2： NỖI NHỚ TRONG ＂TÂY TIẾN＂ VÀ ＂VIỆT BẮC＂_seg_076.wav|Và các bạn chúng ta cùng có một không gian mở để trò chuyện về văn học các bạn nhé.
02-RADIO VĂN HỌC #2： NỖI NHỚ TRONG ＂TÂY TIẾN＂ VÀ ＂VIỆT BẮC＂_seg_077.wav|các bạn vừa tham khảo được thêm về những cách viết của các bạn học sinh khác.
02-RADIO VĂN HỌC #2： NỖI NHỚ TRONG ＂TÂY TIẾN＂ VÀ ＂VIỆT BẮC＂_seg_078.wav|Đồng thời, chúng ta cũng rất kinh nghiệm được trong quá trình mà mình làm bài các bạn nhé!
02-RADIO VĂN HỌC #2： NỖI NHỚ TRONG ＂TÂY TIẾN＂ VÀ ＂VIỆT BẮC＂_seg_079.wav|hoặc là có tác phẩm nào mà các bạn muốn cô sẽ đọc trong radio văn học.
02-RADIO VĂN HỌC #2： NỖI NHỚ TRONG ＂TÂY TIẾN＂ VÀ ＂VIỆT BẮC＂_seg_080.wav|thì các bạn có thể để lại bình luận hoặc nhấn tin về Phan Tết nha các bạn.
02-RADIO VĂN HỌC #2： NỖI NHỚ TRONG ＂TÂY TIẾN＂ VÀ ＂VIỆT BẮC＂_seg_081.wav|và đồng hành gián tiếp với bạn Khánh Toàn trong radio ngày hôm nay.
02-RADIO VĂN HỌC #2： NỖI NHỚ TRONG ＂TÂY TIẾN＂ VÀ ＂VIỆT BẮC＂_seg_082.wav|Bây giờ thì chắc hẳn là đã đến lúc để chúng ta nói lời chào tạm biệt rồi.
02-RADIO VĂN HỌC #2： NỖI NHỚ TRONG ＂TÂY TIẾN＂ VÀ ＂VIỆT BẮC＂_seg_083.wav|Đừng quên là hãy thả tim cho cô ở video này để cô có thêm động lực.
03-RADIO VĂN HỌC #3： TUỔI TRẺ NÊN VỘI VÃ HAY ＂CHẬM LẠI MỘT CHÚT＂？_seg_000.wav|Đề bài này thì cô tin rằng các bạn cũng sẽ cảm thấy rất gần gũi.
03-RADIO VĂN HỌC #3： TUỔI TRẺ NÊN VỘI VÃ HAY ＂CHẬM LẠI MỘT CHÚT＂？_seg_001.wav|Cô sẽ đọc một số bài nghị luận xã hội về đề tài này.
03-RADIO VĂN HỌC #3： TUỔI TRẺ NÊN VỘI VÃ HAY ＂CHẬM LẠI MỘT CHÚT＂？_seg_002.wav|Trong bài nghỉ luận xã hội thì các bạn bắt vua cần có ít nhất là một dẫn chứng thực tế.
03-RADIO VĂN HỌC #3： TUỔI TRẺ NÊN VỘI VÃ HAY ＂CHẬM LẠI MỘT CHÚT＂？_seg_003.wav|thêm giận chứng thực tế hoặc là nói sâu hơn về giận chứng thực tế, ví dụ như người Nhật.
03-RADIO VĂN HỌC #3： TUỔI TRẺ NÊN VỘI VÃ HAY ＂CHẬM LẠI MỘT CHÚT＂？_seg_004.wav|hay là người phương Tây, hay là những cái con số liệu mà bạn đã có để cập tới.
03-RADIO VĂN HỌC #3： TUỔI TRẺ NÊN VỘI VÃ HAY ＂CHẬM LẠI MỘT CHÚT＂？_seg_005.wav|trước khi chúng ta cùng đến với bài viết tiếp theo các bạn nhé.
03-RADIO VĂN HỌC #3： TUỔI TRẺ NÊN VỘI VÃ HAY ＂CHẬM LẠI MỘT CHÚT＂？_seg_006.wav|để thấy cuộc sống muôn hình vạn trạng này thật tươi đẹp và ngọt ngào.
03-RADIO VĂN HỌC #3： TUỔI TRẺ NÊN VỘI VÃ HAY ＂CHẬM LẠI MỘT CHÚT＂？_seg_007.wav|Đoạn văn này cũng rất là lưu loát và diễn đặt khá là mềm mại rồi đúng không nào?
03-RADIO VĂN HỌC #3： TUỔI TRẺ NÊN VỘI VÃ HAY ＂CHẬM LẠI MỘT CHÚT＂？_seg_008.wav|thì các bạn lại quên mất cái việc là thật cần phải có dẫn chứng thực tế.
03-RADIO VĂN HỌC #3： TUỔI TRẺ NÊN VỘI VÃ HAY ＂CHẬM LẠI MỘT CHÚT＂？_seg_009.wav|sau khi mà các bạn lắng nghe xong một bài viết của một bạn nhé.
03-RADIO VĂN HỌC #3： TUỔI TRẺ NÊN VỘI VÃ HAY ＂CHẬM LẠI MỘT CHÚT＂？_seg_010.wav|Bây giờ chúng ta sẽ cùng lắng nghe bài viết của bạn Hạnh Dung các bạn nhạc.
03-RADIO VĂN HỌC #3： TUỔI TRẺ NÊN VỘI VÃ HAY ＂CHẬM LẠI MỘT CHÚT＂？_seg_011.wav|Ta sẽ gặp gỡ những người để lại trong tim ta những ký ức không thể phai mờ.
03-RADIO VĂN HỌC #3： TUỔI TRẺ NÊN VỘI VÃ HAY ＂CHẬM LẠI MỘT CHÚT＂？_seg_012.wav|để nhận ra vẻ đẹp của cuộc sống đôi khi nằm ở những điều mà ta cho là tầm thường.
03-RADIO VĂN HỌC #3： TUỔI TRẺ NÊN VỘI VÃ HAY ＂CHẬM LẠI MỘT CHÚT＂？_seg_013.wav|Bởi vì nếu các bạn viết quá dài, các bạn sẽ bị trừ mất 0,25 điểm hình thức.
03-RADIO VĂN HỌC #3： TUỔI TRẺ NÊN VỘI VÃ HAY ＂CHẬM LẠI MỘT CHÚT＂？_seg_014.wav|Có thể thấy rằng những bài viết mà cô đọc cho các bạn không phải là những bài viết hoàn hảo đâu, mỗi bạn sẽ có những điểm mạnh riêng.
03-RADIO VĂN HỌC #3： TUỔI TRẺ NÊN VỘI VÃ HAY ＂CHẬM LẠI MỘT CHÚT＂？_seg_015.wav|Và bạn có dẫn chứng thực tế phù hợp lấy bối cảnh của đại dịch Covid-19 rồi đúng không nào?
03-RADIO VĂN HỌC #3： TUỔI TRẺ NÊN VỘI VÃ HAY ＂CHẬM LẠI MỘT CHÚT＂？_seg_016.wav|Nhưng bước đó sẽ giúp cho các hệ thống ý trong đầu các bạn nó...
03-RADIO VĂN HỌC #3： TUỔI TRẺ NÊN VỘI VÃ HAY ＂CHẬM LẠI MỘT CHÚT＂？_seg_017.wav|Đồng thời khi các bạn viết vào bài, các bạn cũng sẽ nắm bắt và kiểm soát được dung lượng.
03-RADIO VĂN HỌC #3： TUỔI TRẺ NÊN VỘI VÃ HAY ＂CHẬM LẠI MỘT CHÚT＂？_seg_018.wav|Tuổi trẻ là khoảng thời gian tươi đẹp và đáng nhớ nhất trong cuộc đời của mỗi người.
03-RADIO VĂN HỌC #3： TUỔI TRẺ NÊN VỘI VÃ HAY ＂CHẬM LẠI MỘT CHÚT＂？_seg_019.wav|Cuộc sống của chúng ta chỉ được cảm nhận rõ ràng nhất ở giây phút hiện tại.
03-RADIO VĂN HỌC #3： TUỔI TRẺ NÊN VỘI VÃ HAY ＂CHẬM LẠI MỘT CHÚT＂？_seg_020.wav|bài viết cuối cùng mà cô muốn chia sẻ với các bạn trong Radio Văn học ngày hôm nay.
03-RADIO VĂN HỌC #3： TUỔI TRẺ NÊN VỘI VÃ HAY ＂CHẬM LẠI MỘT CHÚT＂？_seg_021.wav|Nhưng chính vì thế, chúng ta mới mong muốn là có thể đọc cho nhau ngay.
03-RADIO VĂN HỌC #3： TUỔI TRẺ NÊN VỘI VÃ HAY ＂CHẬM LẠI MỘT CHÚT＂？_seg_022.wav|Tiếp tục duy trì những chuyên mục có ý nghĩa như thế này nữa các bạn nhé.
04-RADIO VĂN HỌC #4： KHÁT KHAO TÌNH YÊU TRONG ＂SÓNG＂_seg_000.wav|Mặc dù chỉ đồng hành cùng Quốc sương mai hai tháng cuối trước khi thi,
04-RADIO VĂN HỌC #4： KHÁT KHAO TÌNH YÊU TRONG ＂SÓNG＂_seg_001.wav|ta sẽ cùng gián tiếp cập gỡ thông qua lời văn của Minh Hằng.
04-RADIO VĂN HỌC #4： KHÁT KHAO TÌNH YÊU TRONG ＂SÓNG＂_seg_002.wav|Chắc hẳn các bạn cũng đã biết về bài thư sóng rồi đúng không nào?
04-RADIO VĂN HỌC #4： KHÁT KHAO TÌNH YÊU TRONG ＂SÓNG＂_seg_003.wav|Bài thơ là một cuộc hành trình song hành giữa hai hình tượng.
04-RADIO VĂN HỌC #4： KHÁT KHAO TÌNH YÊU TRONG ＂SÓNG＂_seg_004.wav|trong hành trình tìm về với bến bờ và tìm kiếm tình yêu đích thực của mình.
04-RADIO VĂN HỌC #4： KHÁT KHAO TÌNH YÊU TRONG ＂SÓNG＂_seg_005.wav|Đất nước ta đã trải qua liên tiếp hai cuộc chiến tranh vệ quốc vĩ đại.
04-RADIO VĂN HỌC #4： KHÁT KHAO TÌNH YÊU TRONG ＂SÓNG＂_seg_006.wav|Hai khổ đầu và khổ cuối của thi phẩm khắc sâu vào lòng ta những vẻ đẹp của tình yêu.
04-RADIO VĂN HỌC #4： KHÁT KHAO TÌNH YÊU TRONG ＂SÓNG＂_seg_007.wav|mà cái ấm hưởng bi thương và hùng tráng của những trang thơ cách mạng tưởng chùng như...
04-RADIO VĂN HỌC #4： KHÁT KHAO TÌNH YÊU TRONG ＂SÓNG＂_seg_008.wav|Có thể thấy rằng đây là một cách mở bài khá là hiệu quả.
04-RADIO VĂN HỌC #4： KHÁT KHAO TÌNH YÊU TRONG ＂SÓNG＂_seg_009.wav|Bào trùm đất nước bấy giờ là bầu không khí sục sôi của chiến trật.
04-RADIO VĂN HỌC #4： KHÁT KHAO TÌNH YÊU TRONG ＂SÓNG＂_seg_010.wav|thì bạn đã thực hiện đúng cấu trúc của một bài nghị luận bản học hoàn trình.
04-RADIO VĂN HỌC #4： KHÁT KHAO TÌNH YÊU TRONG ＂SÓNG＂_seg_011.wav|Thịt đề cũng đã ra cho chúng ta, đó là hai khổ đầu và khổ thức cuối.
04-RADIO VĂN HỌC #4： KHÁT KHAO TÌNH YÊU TRONG ＂SÓNG＂_seg_012.wav|mà bản thân tình yêu đã luôn là một bí ẩn không có lời giải đáp.
04-RADIO VĂN HỌC #4： KHÁT KHAO TÌNH YÊU TRONG ＂SÓNG＂_seg_013.wav|cũng đồng thời thể hiện một tư tưởng đi trước thời đại của Xuân Quình.
04-RADIO VĂN HỌC #4： KHÁT KHAO TÌNH YÊU TRONG ＂SÓNG＂_seg_014.wav|Họ chỉ biết chờ đợi và phó mặc số phận tình yêu cho người con trai.
04-RADIO VĂN HỌC #4： KHÁT KHAO TÌNH YÊU TRONG ＂SÓNG＂_seg_015.wav|thì Minh Hang đã bỏ lỡ mất một số những cái tín hiệu nghệ thuật.
04-RADIO VĂN HỌC #4： KHÁT KHAO TÌNH YÊU TRONG ＂SÓNG＂_seg_016.wav|hoặc là bạn chưa khẳng định được về nâng cao.
04-RADIO VĂN HỌC #4： KHÁT KHAO TÌNH YÊU TRONG ＂SÓNG＂_seg_017.wav|thì cô cũng đã có bổ sung một chút để có thể hoàn thiện hơn trong đoạn văn vừa rồi của bạn.
04-RADIO VĂN HỌC #4： KHÁT KHAO TÌNH YÊU TRONG ＂SÓNG＂_seg_018.wav|Có thể nói rằng là khổ thương một này là sự quyện hòa giữa quan điểm bới mẻ và...
04-RADIO VĂN HỌC #4： KHÁT KHAO TÌNH YÊU TRONG ＂SÓNG＂_seg_019.wav|cũng bởi vị ngọt của tình yêu sẽ đến lần đầu tiên trong cái thời thanh xuân phơi phơi.
04-RADIO VĂN HỌC #4： KHÁT KHAO TÌNH YÊU TRONG ＂SÓNG＂_seg_020.wav|chưa dừng lại ở việc tôn vinh tình yêu thắm thiết trong trái tim lắc chè.
04-RADIO VĂN HỌC #4： KHÁT KHAO TÌNH YÊU TRONG ＂SÓNG＂_seg_021.wav|Bạn đã phân tích của thứ thứ hai trong cùng một đoạn
04-RADIO VĂN HỌC #4： KHÁT KHAO TÌNH YÊU TRONG ＂SÓNG＂_seg_022.wav|Chúng ta có thể thấy rằng là Hằng cũng rất là linh hoạt trong việc là triển khai các cái đoạn văn.
04-RADIO VĂN HỌC #4： KHÁT KHAO TÌNH YÊU TRONG ＂SÓNG＂_seg_023.wav|Còn đối với cổ thơ thứ hai thì bạn sẽ phân tích gộp vào trong cả cùng một đoạn.
04-RADIO VĂN HỌC #4： KHÁT KHAO TÌNH YÊU TRONG ＂SÓNG＂_seg_024.wav|như một lời van lơn chân thành từ một người sẵn sàng hy sinh vì tình yêu.
04-RADIO VĂN HỌC #4： KHÁT KHAO TÌNH YÊU TRONG ＂SÓNG＂_seg_025.wav|Hi sinh tình yêu của riêng mình cho lý tưởng lớn lao của đất nước.
04-RADIO VĂN HỌC #4： KHÁT KHAO TÌNH YÊU TRONG ＂SÓNG＂_seg_026.wav|Ta mới thấy rằng cái tình yêu cá nhân này đã được nâng lên thêm một bậc
04-RADIO VĂN HỌC #4： KHÁT KHAO TÌNH YÊU TRONG ＂SÓNG＂_seg_027.wav|đã được bất tử hóa khi hòa quyện vào cùng với trăm con sóng nhỏ.
04-RADIO VĂN HỌC #4： KHÁT KHAO TÌNH YÊU TRONG ＂SÓNG＂_seg_028.wav|để làm rõ được sự vận động của hình tượng sóng và et.
04-RADIO VĂN HỌC #4： KHÁT KHAO TÌNH YÊU TRONG ＂SÓNG＂_seg_029.wav|nếu con sống của Xuân Quỳnh phức tạp nhất tâm hồn của phụ nữ.
04-RADIO VĂN HỌC #4： KHÁT KHAO TÌNH YÊU TRONG ＂SÓNG＂_seg_030.wav|Các bạn sẽ thấy rằng là bên cạnh việc bạn nhận xét về sự vận động
04-RADIO VĂN HỌC #4： KHÁT KHAO TÌNH YÊU TRONG ＂SÓNG＂_seg_031.wav|mà nhà thư đã hái được trong những đoá hoa dọc chiến hảo năm ấy.
04-RADIO VĂN HỌC #4： KHÁT KHAO TÌNH YÊU TRONG ＂SÓNG＂_seg_032.wav|vẫn để lại bài học sâu sắc về tình yêu và sự dâng hiến quên mình.
04-RADIO VĂN HỌC #4： KHÁT KHAO TÌNH YÊU TRONG ＂SÓNG＂_seg_033.wav|là bởi vì cái yếu tố của thời gian, thời lượng viết bài bị tác động nữa đúng không nào?
04-RADIO VĂN HỌC #4： KHÁT KHAO TÌNH YÊU TRONG ＂SÓNG＂_seg_034.wav|là sau khi mà nhận xét về yêu cầu phụ, đó là sự vận động của hình tượng sóng và em.
04-RADIO VĂN HỌC #4： KHÁT KHAO TÌNH YÊU TRONG ＂SÓNG＂_seg_035.wav|đã khiến cho đoạn kết bài này của bạn vẫn khá là mềm mại và hiệu quả đúng không nào?
04-RADIO VĂN HỌC #4： KHÁT KHAO TÌNH YÊU TRONG ＂SÓNG＂_seg_036.wav|Bố cục cũng rất là mạch lạc các bạn thấy các ý đều được bộc lộ một cách rất rõ ràng và đủ các ý lớn
04-RADIO VĂN HỌC #4： KHÁT KHAO TÌNH YÊU TRONG ＂SÓNG＂_seg_037.wav|có thể đem đến cho các bạn những sự rượu yên nào đó trong tâm hồn của mình.
04-RADIO VĂN HỌC #4： KHÁT KHAO TÌNH YÊU TRONG ＂SÓNG＂_seg_038.wav|và lắng nghe trên đó để có thể nghe một cách thuận tiện hơn nhé.
04-RADIO VĂN HỌC #4： KHÁT KHAO TÌNH YÊU TRONG ＂SÓNG＂_seg_039.wav|Cảm ơn các bạn rất nhiều vì đã đồng hành cùng cô trong Radio Văn học ngày hôm nay.
05-RADIO VĂN HỌC #5： ĐẤT NƯỚC CÓ TỪ BAO GIỜ？_seg_000.wav|Chắc hẳn là có nhiều bạn cũng đã nhớ lịch này của cô rồi đúng không nào?
05-RADIO VĂN HỌC #5： ĐẤT NƯỚC CÓ TỪ BAO GIỜ？_seg_001.wav|thì chúng ta có thể là vừa tham khảo những cái mà các bạn đã làm tốt.
05-RADIO VĂN HỌC #5： ĐẤT NƯỚC CÓ TỪ BAO GIỜ？_seg_002.wav|chia sẻ video để có thể lan tỏa đến với nhiều bạn hơn nữa.
05-RADIO VĂN HỌC #5： ĐẤT NƯỚC CÓ TỪ BAO GIỜ？_seg_003.wav|Đó cũng là sự giác ngộ về trách nhiệm xứ mệnh của mỗi cá nhân đối với dân tộc.
05-RADIO VĂN HỌC #5： ĐẤT NƯỚC CÓ TỪ BAO GIỜ？_seg_004.wav|đã là một người con sinh ra và lớn lên trên giày đất Việt Nam.
05-RADIO VĂN HỌC #5： ĐẤT NƯỚC CÓ TỪ BAO GIỜ？_seg_005.wav|là đất nước hài quả trong giá nghỉnh quê hương và tỉnh yêu lứa đôi.
05-RADIO VĂN HỌC #5： ĐẤT NƯỚC CÓ TỪ BAO GIỜ？_seg_006.wav|Nguyễn Khoa điểm dường như cũng tìm thấy sự đồng biểu từ trái tim nơi quê hương xứ sở.
05-RADIO VĂN HỌC #5： ĐẤT NƯỚC CÓ TỪ BAO GIỜ？_seg_007.wav|đi từ cái trách nghiệm đối với đất nước trong trái tim của mỗi người.
05-RADIO VĂN HỌC #5： ĐẤT NƯỚC CÓ TỪ BAO GIỜ？_seg_008.wav|Thờ ông là tiếng nói chung của cả một thế hệ những chi thức cùng thời.
05-RADIO VĂN HỌC #5： ĐẤT NƯỚC CÓ TỪ BAO GIỜ？_seg_009.wav|Thế hệ Nguyễn Khoa Điềm đều là các thanh niên đã giác ngộ sâu sắc về vai trò.
05-RADIO VĂN HỌC #5： ĐẤT NƯỚC CÓ TỪ BAO GIỜ？_seg_010.wav|Đất nước như chứng kiến từng sự sinh ra và trưởng thành của mọi người con.
05-RADIO VĂN HỌC #5： ĐẤT NƯỚC CÓ TỪ BAO GIỜ？_seg_011.wav|Nhà thơ còn nỗ lực hình dung về điểm khởi nguồn của quá trình hình thành và phát triên của đất nước.
05-RADIO VĂN HỌC #5： ĐẤT NƯỚC CÓ TỪ BAO GIỜ？_seg_012.wav|ta cảm nhận được ý niệm về đất nước đã được truyền thừa trong môi trường gia đình.
05-RADIO VĂN HỌC #5： ĐẤT NƯỚC CÓ TỪ BAO GIỜ？_seg_013.wav|cũng như thế giới tinh thần của mỗi người một cách hết đổi bình dị.
05-RADIO VĂN HỌC #5： ĐẤT NƯỚC CÓ TỪ BAO GIỜ？_seg_014.wav|Ta cảm thấy gió được sự tỉ bì và sắc xào của nhà thơ trong việc chọn lựa chi tiết.
05-RADIO VĂN HỌC #5： ĐẤT NƯỚC CÓ TỪ BAO GIỜ？_seg_015.wav|Hằng ngày họ có thể làm lụng công việc đồng án lên đường bẻ ngô.
05-RADIO VĂN HỌC #5： ĐẤT NƯỚC CÓ TỪ BAO GIỜ？_seg_016.wav|là như bắt gặp cây che Việt Nam trong Ý văn của thép mới.
05-RADIO VĂN HỌC #5： ĐẤT NƯỚC CÓ TỪ BAO GIỜ？_seg_017.wav|Chảy giữ làng, giữ nước, giữ mái nhả chanh, giữ đồng lúa chín.
05-RADIO VĂN HỌC #5： ĐẤT NƯỚC CÓ TỪ BAO GIỜ？_seg_018.wav|mà còn là loại cây đã gắn bó với đất nước Việt Nam trong suốt hành trình chống giặc.
05-RADIO VĂN HỌC #5： ĐẤT NƯỚC CÓ TỪ BAO GIỜ？_seg_019.wav|giống như cái ngày xửa ngày xưa mà Nguyễn Khoa Điềm đã đề cập tới trong câu thơ thứ hai.
05-RADIO VĂN HỌC #5： ĐẤT NƯỚC CÓ TỪ BAO GIỜ？_seg_020.wav|Rồi đến công cuộc bảo vệ tổ quốc vẫn luôn là sự cống hiến của những người dân bình dị.
05-RADIO VĂN HỌC #5： ĐẤT NƯỚC CÓ TỪ BAO GIỜ？_seg_021.wav|đi từ góc nhìn của một cậu bé từ khi sinh ra đến lúc trưởng thành.
05-RADIO VĂN HỌC #5： ĐẤT NƯỚC CÓ TỪ BAO GIỜ？_seg_022.wav|Đất nước còn bắt đầu từ việc đặt tên cho từng đồ vật trong đời sống.
05-RADIO VĂN HỌC #5： ĐẤT NƯỚC CÓ TỪ BAO GIỜ？_seg_023.wav|Tác giả đã vẽ nên nền văn minh lúa nước lâu đời của người dân Việt Nam.
05-RADIO VĂN HỌC #5： ĐẤT NƯỚC CÓ TỪ BAO GIỜ？_seg_024.wav|những ngày còn là những bé em nhỏ to mò học hỏi về thế giới xung quanh mình.
05-RADIO VĂN HỌC #5： ĐẤT NƯỚC CÓ TỪ BAO GIỜ？_seg_025.wav|Dù ba chầm ấy còn như mở ra không gian cho không chỉ riêng tắc giả.
05-RADIO VĂN HỌC #5： ĐẤT NƯỚC CÓ TỪ BAO GIỜ？_seg_026.wav|những nét đẹp từ thế hệ trước mà cha mẹ đã truyền thụ trong bộ chúng ta.
05-RADIO VĂN HỌC #5： ĐẤT NƯỚC CÓ TỪ BAO GIỜ？_seg_027.wav|mở ra không gian xử thi để ca người trang sự hảo hùng của dân tộc.
05-RADIO VĂN HỌC #5： ĐẤT NƯỚC CÓ TỪ BAO GIỜ？_seg_028.wav|lại tập trung khẳng định sự cống hiến của những người dân mà không ai nhớ mặt đặt tên.
05-RADIO VĂN HỌC #5： ĐẤT NƯỚC CÓ TỪ BAO GIỜ？_seg_029.wav|hoảng tiện những quan điểm trước đó của Nguyễn Trái và Phan Bụi Châu.
05-RADIO VĂN HỌC #5： ĐẤT NƯỚC CÓ TỪ BAO GIỜ？_seg_030.wav|Nguyễn Trái từng sớm nhận thức được vai trò quan trọng của nhân dân.
05-RADIO VĂN HỌC #5： ĐẤT NƯỚC CÓ TỪ BAO GIỜ？_seg_031.wav|đã thành công làm sáng tỏ những chia sẻ của nhà thương Nguyễn Khoa Điềm.
05-RADIO VĂN HỌC #5： ĐẤT NƯỚC CÓ TỪ BAO GIỜ？_seg_032.wav|lại như một đợt sóng trong trái tim giạt rào tình yêu tổ quốc của tác giả.
06-RADIO VĂN HỌC #6： ĐI TÌM LÝ DO THỨC DẬY MỖI SÁNG_seg_000.wav|Nên cô chào mình sẽ cùng nhau chia sẻ về những đề bài văn học.
06-RADIO VĂN HỌC #6： ĐI TÌM LÝ DO THỨC DẬY MỖI SÁNG_seg_001.wav|Cô nói như vậy là bởi vì có khá là nhiều bạn trong lớp cô cũng nhầm lẫn.
06-RADIO VĂN HỌC #6： ĐI TÌM LÝ DO THỨC DẬY MỖI SÁNG_seg_002.wav|Và rõ ràng các bạn sẽ không bị rơi vào những cái chuỗi ngày mà nhà mẹ...
06-RADIO VĂN HỌC #6： ĐI TÌM LÝ DO THỨC DẬY MỖI SÁNG_seg_003.wav|Anh đã luôn kiên trì thức dậy vào 4 giờ mỗi sáng để không ngừng kiên trì luyện tập.
06-RADIO VĂN HỌC #6： ĐI TÌM LÝ DO THỨC DẬY MỖI SÁNG_seg_004.wav|Mỗi ngày ta thức giấc đều là một mở đầu trong chuyến du hành không ngừng cải thiện bản thân.
06-RADIO VĂN HỌC #6： ĐI TÌM LÝ DO THỨC DẬY MỖI SÁNG_seg_005.wav|Đó cũng là lý do trong những video văn học này, cô cũng mong muốn là có thể gửi đến các bạn.
06-RADIO VĂN HỌC #6： ĐI TÌM LÝ DO THỨC DẬY MỖI SÁNG_seg_006.wav|Thức dậy vào mỗi buổi sáng có lẽ là hành động rất đổi quen thuộc với mỗi chúng ta.
06-RADIO VĂN HỌC #6： ĐI TÌM LÝ DO THỨC DẬY MỖI SÁNG_seg_007.wav|Có lẽ vì theo đuổi một cuộc sống có ước mơ, lý tưởng và luôn có thật nhiều lý do trong mỗi sớm mai thức giấc.
06-RADIO VĂN HỌC #6： ĐI TÌM LÝ DO THỨC DẬY MỖI SÁNG_seg_008.wav|Với những bài viết nghị đoạn xã hội này, không chỉ đơn giản là các bạn đang viết để chiến đấu.
06-RADIO VĂN HỌC #6： ĐI TÌM LÝ DO THỨC DẬY MỖI SÁNG_seg_009.wav|Và tiếp theo đây, chúng ta sẽ cùng đến với bài làm của bạn Ngô Anh Thơ.
06-RADIO VĂN HỌC #6： ĐI TÌM LÝ DO THỨC DẬY MỖI SÁNG_seg_010.wav|Có nghĩa là mỗi câu mà bạn ấy viết ra trong đoạn văn sẽ là một câu có ý nghĩa và có mục đích riêng.
06-RADIO VĂN HỌC #6： ĐI TÌM LÝ DO THỨC DẬY MỖI SÁNG_seg_011.wav|Nếu Obama thức dạy chỉ để chọn cho mình một bộ đồ hào nhỏ ngét.
06-RADIO VĂN HỌC #6： ĐI TÌM LÝ DO THỨC DẬY MỖI SÁNG_seg_012.wav|Thì cô sẽ không bao giờ mong muốn đấy là mình đưa các bạn vào một cái khuôn khổ của việc sử dụng.
06-RADIO VĂN HỌC #6： ĐI TÌM LÝ DO THỨC DẬY MỖI SÁNG_seg_013.wav|Cô nghĩ rằng văn là cơ hội để động viên các bạn đi theo...
06-RADIO VĂN HỌC #6： ĐI TÌM LÝ DO THỨC DẬY MỖI SÁNG_seg_014.wav|là để các bạn có cho mình những suy nghĩ riêng và tìm một cái vỏ bọc ngữ thật là...
06-RADIO VĂN HỌC #6： ĐI TÌM LÝ DO THỨC DẬY MỖI SÁNG_seg_015.wav|Cảm ơn các bạn vì đã lắng nghe và đồng hành cùng cô cùng các bạn.
06-RADIO VĂN HỌC #6： ĐI TÌM LÝ DO THỨC DẬY MỖI SÁNG_seg_016.wav|Nếu như các bạn có đề tài nào mong muốn gửi đến cho fanpage và gửi đến cho truy mục này
06-RADIO VĂN HỌC #6： ĐI TÌM LÝ DO THỨC DẬY MỖI SÁNG_seg_017.wav|để kết nối với cô Sương Mai và đội ngũ admin của fanpage các bạn nhé.
06-RADIO VĂN HỌC #6： ĐI TÌM LÝ DO THỨC DẬY MỖI SÁNG_seg_018.wav|Đừng quên hãy ấn vào một nút chuồng nhau nhỏ ưu tiên trên fanpage của cô.
07-RADIO VĂN HỌC #7： HÌNH TƯỢNG NGƯỜI LÁI ĐÒ TRONG KHẮC HỌA CỦA NGUYỄN TUÂN_seg_000.wav|sẽ giúp ta có thể mở rộng được góc nhìn của mình về những vấn đề.
07-RADIO VĂN HỌC #7： HÌNH TƯỢNG NGƯỜI LÁI ĐÒ TRONG KHẮC HỌA CỦA NGUYỄN TUÂN_seg_001.wav|Vùng núi rừng Tây Bắc đã để thương để nhớ cho bao người nghệ sĩ.
07-RADIO VĂN HỌC #7： HÌNH TƯỢNG NGƯỜI LÁI ĐÒ TRONG KHẮC HỌA CỦA NGUYỄN TUÂN_seg_002.wav|Một quáng rũng với từng vận thơ giạt rào nỗi nhớ về Tây Bắc.
07-RADIO VĂN HỌC #7： HÌNH TƯỢNG NGƯỜI LÁI ĐÒ TRONG KHẮC HỌA CỦA NGUYỄN TUÂN_seg_003.wav|Vùng quê Tây Bắc vẫn là điểm đến lý tưởng cho ngòi bút của nhiều văn nhân.
07-RADIO VĂN HỌC #7： HÌNH TƯỢNG NGƯỜI LÁI ĐÒ TRONG KHẮC HỌA CỦA NGUYỄN TUÂN_seg_004.wav|thì Thiên Lý đã vận dụng cách đó là so sánh và liên tưởng tới văn phong.
07-RADIO VĂN HỌC #7： HÌNH TƯỢNG NGƯỜI LÁI ĐÒ TRONG KHẮC HỌA CỦA NGUYỄN TUÂN_seg_005.wav|của người dân lao động bình thường mà rất đổi phi thường.
07-RADIO VĂN HỌC #7： HÌNH TƯỢNG NGƯỜI LÁI ĐÒ TRONG KHẮC HỌA CỦA NGUYỄN TUÂN_seg_006.wav|Cô thấy rằng là có nhiều bạn thì vẫn còn lúng túng khi mà viết đoạn khai quá ta xa.
07-RADIO VĂN HỌC #7： HÌNH TƯỢNG NGƯỜI LÁI ĐÒ TRONG KHẮC HỌA CỦA NGUYỄN TUÂN_seg_007.wav|nhưng mà vẫn chọn lọc được những cái thông tin khá là cơ bản.
07-RADIO VĂN HỌC #7： HÌNH TƯỢNG NGƯỜI LÁI ĐÒ TRONG KHẮC HỌA CỦA NGUYỄN TUÂN_seg_008.wav|Nào, chúng ta sẽ cùng đi vào phần phân tích chi tiết của thiên lý.
07-RADIO VĂN HỌC #7： HÌNH TƯỢNG NGƯỜI LÁI ĐÒ TRONG KHẮC HỌA CỦA NGUYỄN TUÂN_seg_009.wav|với kinh nghiệm của một người từng bôn ba sông nước gần ấy chục năm.
07-RADIO VĂN HỌC #7： HÌNH TƯỢNG NGƯỜI LÁI ĐÒ TRONG KHẮC HỌA CỦA NGUYỄN TUÂN_seg_010.wav|Nguyễn Tuấn đã rất sáng tạo khi tạo đền hình tựa một con thùy quái sông đà.
07-RADIO VĂN HỌC #7： HÌNH TƯỢNG NGƯỜI LÁI ĐÒ TRONG KHẮC HỌA CỦA NGUYỄN TUÂN_seg_011.wav|để từ đó bục lộ được tất cả những sức mạnh và phẩm chất của ông Đò Lai Châu.
07-RADIO VĂN HỌC #7： HÌNH TƯỢNG NGƯỜI LÁI ĐÒ TRONG KHẮC HỌA CỦA NGUYỄN TUÂN_seg_012.wav|Đánh lửa con thuyền vào cửa sinh được bố trí lệch sang bờ hũ ngạc.
07-RADIO VĂN HỌC #7： HÌNH TƯỢNG NGƯỜI LÁI ĐÒ TRONG KHẮC HỌA CỦA NGUYỄN TUÂN_seg_013.wav|khi con người lao động đã đưa công việc của mình đạt đến độ điêu luyệt và thuần thuộc.
07-RADIO VĂN HỌC #7： HÌNH TƯỢNG NGƯỜI LÁI ĐÒ TRONG KHẮC HỌA CỦA NGUYỄN TUÂN_seg_014.wav|đã thể hiện sự tài hoa uyên Bắc trong ngõi bút nghệ thuật của Nguyễn Tuân.
07-RADIO VĂN HỌC #7： HÌNH TƯỢNG NGƯỜI LÁI ĐÒ TRONG KHẮC HỌA CỦA NGUYỄN TUÂN_seg_015.wav|Bên cạnh đó, bạn còn biết cách để có thể nói sâu hơn.
07-RADIO VĂN HỌC #7： HÌNH TƯỢNG NGƯỜI LÁI ĐÒ TRONG KHẮC HỌA CỦA NGUYỄN TUÂN_seg_016.wav|Hình tượng người lấy đồ đã để lại trong lòng người đọc những ấn tượng khó phai.
07-RADIO VĂN HỌC #7： HÌNH TƯỢNG NGƯỜI LÁI ĐÒ TRONG KHẮC HỌA CỦA NGUYỄN TUÂN_seg_017.wav|Cảm ơn các bạn rất nhiều vì đã đồng hành cùng cô Sương Mai trong video ngày hôm nay.
08-RADIO VĂN HỌC #8： GIÁ TRỊ THỨC TỈNH CỦA ＂BÁT CHÁO HÀNH＂ VÀ ＂ẤM NƯỚC ĐẦY VÀ HÃY CÒN ẤM＂_seg_000.wav|Và chúng ta hẳn cũng đều ấn tượng với các chi tiết mà vừa rồi cô có kể tới.
08-RADIO VĂN HỌC #8： GIÁ TRỊ THỨC TỈNH CỦA ＂BÁT CHÁO HÀNH＂ VÀ ＂ẤM NƯỚC ĐẦY VÀ HÃY CÒN ẤM＂_seg_001.wav|Bởi vì cũng thất lạc bàn thảo một chút và bởi vì bài viết này cũng rất là dài luôn.
08-RADIO VĂN HỌC #8： GIÁ TRỊ THỨC TỈNH CỦA ＂BÁT CHÁO HÀNH＂ VÀ ＂ẤM NƯỚC ĐẦY VÀ HÃY CÒN ẤM＂_seg_002.wav|nên là cô sẽ đọc một phần nửa sau của bài viết.
08-RADIO VĂN HỌC #8： GIÁ TRỊ THỨC TỈNH CỦA ＂BÁT CHÁO HÀNH＂ VÀ ＂ẤM NƯỚC ĐẦY VÀ HÃY CÒN ẤM＂_seg_003.wav|Ấm nước và bát cháo hành còn là những hình ảnh mang giá trị thức tình tiêu biểu nhất.
08-RADIO VĂN HỌC #8： GIÁ TRỊ THỨC TỈNH CỦA ＂BÁT CHÁO HÀNH＂ VÀ ＂ẤM NƯỚC ĐẦY VÀ HÃY CÒN ẤM＂_seg_004.wav|Chí phèo làm vậy là đang cùng cái bóng cười nhạo và sự ngô nghê của người đời.
08-RADIO VĂN HỌC #8： GIÁ TRỊ THỨC TỈNH CỦA ＂BÁT CHÁO HÀNH＂ VÀ ＂ẤM NƯỚC ĐẦY VÀ HÃY CÒN ẤM＂_seg_005.wav|lại mang cho ta một viễn cảnh u tối mà rất có thể sẽ xảy đến.
08-RADIO VĂN HỌC #8： GIÁ TRỊ THỨC TỈNH CỦA ＂BÁT CHÁO HÀNH＂ VÀ ＂ẤM NƯỚC ĐẦY VÀ HÃY CÒN ẤM＂_seg_006.wav|ấy là hộ sẽ lại buồn vã về một tác vầm nào đó không phải của mình được đánh giá cao.
08-RADIO VĂN HỌC #8： GIÁ TRỊ THỨC TỈNH CỦA ＂BÁT CHÁO HÀNH＂ VÀ ＂ẤM NƯỚC ĐẦY VÀ HÃY CÒN ẤM＂_seg_007.wav|cũng là bí kịch của rất nhiều người khác trong cuộc sống dài và rộng này.
08-RADIO VĂN HỌC #8： GIÁ TRỊ THỨC TỈNH CỦA ＂BÁT CHÁO HÀNH＂ VÀ ＂ẤM NƯỚC ĐẦY VÀ HÃY CÒN ẤM＂_seg_008.wav|thì từ chưa chắc đã là một người vợ nhẫn nhịn và hy sinh nhiều như một ấm nước đầy như vậy.
08-RADIO VĂN HỌC #8： GIÁ TRỊ THỨC TỈNH CỦA ＂BÁT CHÁO HÀNH＂ VÀ ＂ẤM NƯỚC ĐẦY VÀ HÃY CÒN ẤM＂_seg_009.wav|Lại còn coi chí pheo vào những hành động của hắn như một vật thế thân cho những điều họ muốn nói.
08-RADIO VĂN HỌC #8： GIÁ TRỊ THỨC TỈNH CỦA ＂BÁT CHÁO HÀNH＂ VÀ ＂ẤM NƯỚC ĐẦY VÀ HÃY CÒN ẤM＂_seg_010.wav|Không thể không nói đến cái tài tình của người cầm bút qua hai chi tiết ấy.
08-RADIO VĂN HỌC #8： GIÁ TRỊ THỨC TỈNH CỦA ＂BÁT CHÁO HÀNH＂ VÀ ＂ẤM NƯỚC ĐẦY VÀ HÃY CÒN ẤM＂_seg_011.wav|nhiều đến sự quan tâm chi chút của một người đàn bà chịu nhiều khổ, đau và bất hạnh.
08-RADIO VĂN HỌC #8： GIÁ TRỊ THỨC TỈNH CỦA ＂BÁT CHÁO HÀNH＂ VÀ ＂ẤM NƯỚC ĐẦY VÀ HÃY CÒN ẤM＂_seg_012.wav|Hẳn là các bạn cũng nhận ra là bài viết còn khá là nhiều những sự non đất
08-RADIO VĂN HỌC #8： GIÁ TRỊ THỨC TỈNH CỦA ＂BÁT CHÁO HÀNH＂ VÀ ＂ẤM NƯỚC ĐẦY VÀ HÃY CÒN ẤM＂_seg_013.wav|Bản thân có không vận dụng quá nhiều những cái gọi là kỹ năng
08-RADIO VĂN HỌC #8： GIÁ TRỊ THỨC TỈNH CỦA ＂BÁT CHÁO HÀNH＂ VÀ ＂ẤM NƯỚC ĐẦY VÀ HÃY CÒN ẤM＂_seg_014.wav|Đơn thuần đó là việc mình sử dụng ngôn từ và mình mượn.
08-RADIO VĂN HỌC #8： GIÁ TRỊ THỨC TỈNH CỦA ＂BÁT CHÁO HÀNH＂ VÀ ＂ẤM NƯỚC ĐẦY VÀ HÃY CÒN ẤM＂_seg_015.wav|Đấy là đôi khi những cái xúc cảm chân thành và trong triệu như thế này.
08-RADIO VĂN HỌC #8： GIÁ TRỊ THỨC TỈNH CỦA ＂BÁT CHÁO HÀNH＂ VÀ ＂ẤM NƯỚC ĐẦY VÀ HÃY CÒN ẤM＂_seg_016.wav|Đây cũng là một cái may mắn rất lớn của cô và các bạn trong lớp thuyền văn.
08-RADIO VĂN HỌC #8： GIÁ TRỊ THỨC TỈNH CỦA ＂BÁT CHÁO HÀNH＂ VÀ ＂ẤM NƯỚC ĐẦY VÀ HÃY CÒN ẤM＂_seg_017.wav|Đây là bài viết mà cũng đã đem lại cho cô một điểm mười rất là chắc.
08-RADIO VĂN HỌC #8： GIÁ TRỊ THỨC TỈNH CỦA ＂BÁT CHÁO HÀNH＂ VÀ ＂ẤM NƯỚC ĐẦY VÀ HÃY CÒN ẤM＂_seg_018.wav|Còn nếu như chúng ta học văn, chỉ theo khuôn khổ, chỉ học thuộc thôi.
08-RADIO VĂN HỌC #8： GIÁ TRỊ THỨC TỈNH CỦA ＂BÁT CHÁO HÀNH＂ VÀ ＂ẤM NƯỚC ĐẦY VÀ HÃY CÒN ẤM＂_seg_019.wav|Các bạn thấy thế nào về bài viết của Cúc Sương Mai năm lớp 11?
08-RADIO VĂN HỌC #8： GIÁ TRỊ THỨC TỈNH CỦA ＂BÁT CHÁO HÀNH＂ VÀ ＂ẤM NƯỚC ĐẦY VÀ HÃY CÒN ẤM＂_seg_020.wav|Cảm ơn các bạn rất nhiều vì đã đồng hành cùng cô Sương Mai trong chuyện 1 ngày hôm nay.
09-RADIO VĂN HỌC #9： TÍNH TRUYỀN THỐNG VÀ HIỆN ĐẠI TRONG ＂SÓNG＂_seg_000.wav|những con sóng đã chạm vào trái tim của nhiều người nghệ sĩ.
09-RADIO VĂN HỌC #9： TÍNH TRUYỀN THỐNG VÀ HIỆN ĐẠI TRONG ＂SÓNG＂_seg_001.wav|bằng những dòng thơ hiu khát của một kể sĩ bất lực trước thời cuộc.
09-RADIO VĂN HỌC #9： TÍNH TRUYỀN THỐNG VÀ HIỆN ĐẠI TRONG ＂SÓNG＂_seg_002.wav|sống đã đem đến những cảm giác đặc biệt trong trái tim độc đáo.
09-RADIO VĂN HỌC #9： TÍNH TRUYỀN THỐNG VÀ HIỆN ĐẠI TRONG ＂SÓNG＂_seg_003.wav|của biển khơi và con sóng lòng trong trái tim dạy cảm của người phụ nữ.
09-RADIO VĂN HỌC #9： TÍNH TRUYỀN THỐNG VÀ HIỆN ĐẠI TRONG ＂SÓNG＂_seg_004.wav|Thờ Xuân Quỳnh là tiếng lòng của một tâm hồn phụ nữ giàu lầm chắc ân.
09-RADIO VĂN HỌC #9： TÍNH TRUYỀN THỐNG VÀ HIỆN ĐẠI TRONG ＂SÓNG＂_seg_005.wav|và luôn ra diết trong tình yêu cũng như khát vọng về hạnh phúc bình dị đời thương.
09-RADIO VĂN HỌC #9： TÍNH TRUYỀN THỐNG VÀ HIỆN ĐẠI TRONG ＂SÓNG＂_seg_006.wav|Về tác giả tác phẩm, bạn ấy cũng đã kết hợp với cả ý giải thích rất là ngắn ngọt.
09-RADIO VĂN HỌC #9： TÍNH TRUYỀN THỐNG VÀ HIỆN ĐẠI TRONG ＂SÓNG＂_seg_007.wav|Hai trạng thái đối lập này cùng tồn tại trong một thể thống nhất là sóng.
09-RADIO VĂN HỌC #9： TÍNH TRUYỀN THỐNG VÀ HIỆN ĐẠI TRONG ＂SÓNG＂_seg_008.wav|gửi lấy những khát vóng tình yêu trong tâm hồn đầy bí ẩn của người con gái.
09-RADIO VĂN HỌC #9： TÍNH TRUYỀN THỐNG VÀ HIỆN ĐẠI TRONG ＂SÓNG＂_seg_009.wav|Tức là những ý về sự phức tạp trong tâm hồ người phụ nữ hư yêu.
09-RADIO VĂN HỌC #9： TÍNH TRUYỀN THỐNG VÀ HIỆN ĐẠI TRONG ＂SÓNG＂_seg_010.wav|là những cái quy luật về trạng thể cảm xúc phức tạp trong tâm hồ của người phụ nữ.
09-RADIO VĂN HỌC #9： TÍNH TRUYỀN THỐNG VÀ HIỆN ĐẠI TRONG ＂SÓNG＂_seg_011.wav|Mình nên có thêm những cái từ ngữ chuyển ý hoặc đơn giản nhất là mình thêm những cái trạng ngữ, ví dụ như bên cạnh đó
09-RADIO VĂN HỌC #9： TÍNH TRUYỀN THỐNG VÀ HIỆN ĐẠI TRONG ＂SÓNG＂_seg_012.wav|Cái nét truyền thống ở đây còn được thể hiện thông qua văn văn
09-RADIO VĂN HỌC #9： TÍNH TRUYỀN THỐNG VÀ HIỆN ĐẠI TRONG ＂SÓNG＂_seg_013.wav|thì bạn ấy sẽ có sự liền mạch hơn trong việc nối tiếp giữa ý này.
09-RADIO VĂN HỌC #9： TÍNH TRUYỀN THỐNG VÀ HIỆN ĐẠI TRONG ＂SÓNG＂_seg_014.wav|không chỉ mang về đẹp truyền thống, ta còn cảm nhận được về đẹp ta muốn đề diện đã.
09-RADIO VĂN HỌC #9： TÍNH TRUYỀN THỐNG VÀ HIỆN ĐẠI TRONG ＂SÓNG＂_seg_015.wav|Ở đây các bạn có thể thấy là phần truyền thống Thùy cũng phân tích khá là ngắn gọn thôi.
09-RADIO VĂN HỌC #9： TÍNH TRUYỀN THỐNG VÀ HIỆN ĐẠI TRONG ＂SÓNG＂_seg_016.wav|Và viết ngắn gõ xúc tích lại thì mới có thể kịp được thời gian và viết được tất cả.
09-RADIO VĂN HỌC #9： TÍNH TRUYỀN THỐNG VÀ HIỆN ĐẠI TRONG ＂SÓNG＂_seg_017.wav|là nét mới mềm và hiện đại trong tình yêu của nữ thi sĩ.
09-RADIO VĂN HỌC #9： TÍNH TRUYỀN THỐNG VÀ HIỆN ĐẠI TRONG ＂SÓNG＂_seg_018.wav|Mà các bạn hãy trích đủ đầy, ví dụ như hai câu thơ một, hai câu thơ một
09-RADIO VĂN HỌC #9： TÍNH TRUYỀN THỐNG VÀ HIỆN ĐẠI TRONG ＂SÓNG＂_seg_019.wav|Chứ các bạn không nên là viết cả một cái đoạn dài rồi các bạn lại phân tích một cái đoạn dài.
09-RADIO VĂN HỌC #9： TÍNH TRUYỀN THỐNG VÀ HIỆN ĐẠI TRONG ＂SÓNG＂_seg_020.wav|Mặc dù bạn cũng nắm được những ý chính, nhưng chưa đi vào phân tích quá sâu.
09-RADIO VĂN HỌC #9： TÍNH TRUYỀN THỐNG VÀ HIỆN ĐẠI TRONG ＂SÓNG＂_seg_021.wav|Ví dụ như là về cái kết quả rất yếu, về cái niềm tin.
09-RADIO VĂN HỌC #9： TÍNH TRUYỀN THỐNG VÀ HIỆN ĐẠI TRONG ＂SÓNG＂_seg_022.wav|Cái điều này chúng ta cũng phải học cách để chủ động và kiểm soát thời gian của mình.
09-RADIO VĂN HỌC #9： TÍNH TRUYỀN THỐNG VÀ HIỆN ĐẠI TRONG ＂SÓNG＂_seg_023.wav|Thế nhưng chúng ta đâu có loại trừ cái việc là chúng ta sẽ đi thi bắt gặp một cái đề bài dài đâu.
09-RADIO VĂN HỌC #9： TÍNH TRUYỀN THỐNG VÀ HIỆN ĐẠI TRONG ＂SÓNG＂_seg_024.wav|Tập biết rằng đâu là ý cần phải đưa vào và đâu là ý có thể bổ trợ.
09-RADIO VĂN HỌC #9： TÍNH TRUYỀN THỐNG VÀ HIỆN ĐẠI TRONG ＂SÓNG＂_seg_025.wav|cũng chưa có cơ hội để được đi sâu mà chỉ gọi là chép một cái bài thơ khác cũng cùng liên hệ thôi.
09-RADIO VĂN HỌC #9： TÍNH TRUYỀN THỐNG VÀ HIỆN ĐẠI TRONG ＂SÓNG＂_seg_026.wav|nên Thủy thiếu luôn một ý quan trọng, đó là bạn chưa đánh giá được.
09-RADIO VĂN HỌC #9： TÍNH TRUYỀN THỐNG VÀ HIỆN ĐẠI TRONG ＂SÓNG＂_seg_027.wav|nhưng cũng có những điểm mà chúng ta sẽ thấy rằng là à, chúng ta cần nhìn vào đó.
09-RADIO VĂN HỌC #9： TÍNH TRUYỀN THỐNG VÀ HIỆN ĐẠI TRONG ＂SÓNG＂_seg_028.wav|Vậy thì ở đây các bạn có thể thấy rằng là mặc dù cũng có nhắc tới một vài những cái yếu tố về nghệ thuật
09-RADIO VĂN HỌC #9： TÍNH TRUYỀN THỐNG VÀ HIỆN ĐẠI TRONG ＂SÓNG＂_seg_029.wav|Thế nhưng mà Thùy vẫn làm hơi vộn ở cái phần này đúng không?
09-RADIO VĂN HỌC #9： TÍNH TRUYỀN THỐNG VÀ HIỆN ĐẠI TRONG ＂SÓNG＂_seg_030.wav|Cảm ơn các bạn vì đã đồng hành cùng cô Sương Mai trong Radio Văn học ngày hôm nay.
10-RADIO VĂN HỌC #10： NHÀ THƠ QUANG DŨNG - NGƯỜI VIẾT SỬ TÂY TIẾN_seg_000.wav|cháy rận để hằng trúm như những trùm sung nối nhau vắt vèo trên da thịt.
10-RADIO VĂN HỌC #10： NHÀ THƠ QUANG DŨNG - NGƯỜI VIẾT SỬ TÂY TIẾN_seg_001.wav|Bài thơ được nhà thương Xuân Diệu cho in ngay ở tạp chí văn nghệ số 11 và 12.
10-RADIO VĂN HỌC #10： NHÀ THƠ QUANG DŨNG - NGƯỜI VIẾT SỬ TÂY TIẾN_seg_002.wav|Dẫu sao bài thơ Tây Tiến có cái hảo khí lãng mạn của một thời gắn với lịch sử khang chiến anh Dũng của dân tộc.
10-RADIO VĂN HỌC #10： NHÀ THƠ QUANG DŨNG - NGƯỜI VIẾT SỬ TÂY TIẾN_seg_003.wav|đột khởi một đỉnh núi Tây Tiến trong thơ hiện đại Việt Nam.
10-RADIO VĂN HỌC #10： NHÀ THƠ QUANG DŨNG - NGƯỜI VIẾT SỬ TÂY TIẾN_seg_004.wav|cảm xúc về những ngày tây tiến vẫn còn theo ống mãi cho đến tận sau này.
10-RADIO VĂN HỌC #10： NHÀ THƠ QUANG DŨNG - NGƯỜI VIẾT SỬ TÂY TIẾN_seg_005.wav|Tây Tiến lại trở thành một tượng đài bất hủ trong thi ca Việt Nam.
11-RADIO VĂN HỌC #11： XUÂN QUỲNH - CHUYỆN ĐỜI, CHUYỆN YÊU_seg_000.wav|được kể từ góc nhiên của một người đã đồng hành cùng Nhà thức Xuân Quỳnh ở những năm tháng đó.
11-RADIO VĂN HỌC #11： XUÂN QUỲNH - CHUYỆN ĐỜI, CHUYỆN YÊU_seg_001.wav|Thôi, mình cứ chia sẻ với nhau những câu chuyện nó chân thực và nó trọn vẹn nhất.
12-RADIO VĂN HỌC #12： TÔ HOÀI VIẾT VỀ NGUYỄN TUÂN_seg_000.wav|Chết lý và câu văn của Nguyễn Tuân không giống vị hoải sơn trong thang thuốc Bắc.
13-RADIO VĂN HỌC #13： THƯ TÌNH NHẠC SĨ TRỊNH CÔNG SƠN GỬI DAO ÁNH_seg_000.wav|thì cũng có rất là nhiều người nói với các bạn là hôm nay là ngày lễ độc thân phải không nào?
13-RADIO VĂN HỌC #13： THƯ TÌNH NHẠC SĨ TRỊNH CÔNG SƠN GỬI DAO ÁNH_seg_001.wav|Chắc hẳn là các bạn nhìn vào hình ảnh đang hiện lên radio
13-RADIO VĂN HỌC #13： THƯ TÌNH NHẠC SĨ TRỊNH CÔNG SƠN GỬI DAO ÁNH_seg_002.wav|Đó là từng sợi thạch biểu rơi xuống âm thầm quanh đời sống anh.
14-RADIO VĂN HỌC #15： Ý NGHĨA CỦA NHỮNG CUỘC CHIA LY_seg_000.wav|Nó sẽ là một trong những trải nghiệm quan trọng trên hành trình trưởng thành của mũi người.
14-RADIO VĂN HỌC #15： Ý NGHĨA CỦA NHỮNG CUỘC CHIA LY_seg_001.wav|là lúc mà họ bắt đầu một cuộc hành trình khám phá khả năng của bản thân.
14-RADIO VĂN HỌC #15： Ý NGHĨA CỦA NHỮNG CUỘC CHIA LY_seg_002.wav|Nhà thương Xuân Diệu đã từng tiếc đuối cho tuổi trẻ của mình mà viết rằng
14-RADIO VĂN HỌC #15： Ý NGHĨA CỦA NHỮNG CUỘC CHIA LY_seg_003.wav|là khi ta rời sang nơi mà mình sinh sống để đến một phương trời mới.
14-RADIO VĂN HỌC #15： Ý NGHĨA CỦA NHỮNG CUỘC CHIA LY_seg_004.wav|là thời điểm hiếm thôi mà bộ chúng ta nhận ra được giá trị của những người đã từng là cua tác.
14-RADIO VĂN HỌC #15： Ý NGHĨA CỦA NHỮNG CUỘC CHIA LY_seg_005.wav|Người chồng ấy đã lần đầu tiên bọc lộ mọi điều mà trước đây anh chưa có cơ hội được xử lý.
14-RADIO VĂN HỌC #15： Ý NGHĨA CỦA NHỮNG CUỘC CHIA LY_seg_006.wav|Của Chesa nào cũng sẽ gợi lên trong lòng ta những con sóng sông thầm của đỗi buồn.
15-RADIO VĂN HỌC #16： KHÁT VỌNG SỐNG CỦA MỊ TRONG ＂VỢ CHỒNG A PHỦ＂_seg_000.wav|Mỹ từng nghĩ rằng cái chết sẽ giải thoát Mỹ khỏi cái căn nhà nhàm chán.
15-RADIO VĂN HỌC #16： KHÁT VỌNG SỐNG CỦA MỊ TRONG ＂VỢ CHỒNG A PHỦ＂_seg_001.wav|và ngắn gọn, mặc dù cũng là một bờ bài gián tiếp, đi từ một câu nhận định nói về vai trò và sứ mệnh của văn học.
15-RADIO VĂN HỌC #16： KHÁT VỌNG SỐNG CỦA MỊ TRONG ＂VỢ CHỒNG A PHỦ＂_seg_002.wav|để rồi dẫn dắt tới các đoạn trích sẽ là minh chứng và dẫn chứng cho cái nhận nhận.
15-RADIO VĂN HỌC #16： KHÁT VỌNG SỐNG CỦA MỊ TRONG ＂VỢ CHỒNG A PHỦ＂_seg_003.wav|Thế nhưng mà bạn cũng đã giới thiệu được những điểm đổi bật về tác giá tố hoài và chuyện ngán vợ trong hóa phủ.
15-RADIO VĂN HỌC #16： KHÁT VỌNG SỐNG CỦA MỊ TRONG ＂VỢ CHỒNG A PHỦ＂_seg_004.wav|Nhà văn Tô Hoài đã tập trung khai thác khám phá thế giới nội tâm của nhân vật bị.
15-RADIO VĂN HỌC #16： KHÁT VỌNG SỐNG CỦA MỊ TRONG ＂VỢ CHỒNG A PHỦ＂_seg_005.wav|Các bạn sẽ thấy là trước khi mà bạn đi vào phân tích cái quan điểm nhận định cũng như là
15-RADIO VĂN HỌC #16： KHÁT VỌNG SỐNG CỦA MỊ TRONG ＂VỢ CHỒNG A PHỦ＂_seg_006.wav|Đây cũng là một cái kỹ năng mà có nhiều bạn trong quá trình chúng ta làm bài vì chúng ta chưa được nắm những cái kỹ năng.
15-RADIO VĂN HỌC #16： KHÁT VỌNG SỐNG CỦA MỊ TRONG ＂VỢ CHỒNG A PHỦ＂_seg_007.wav|Thì ở đây cô cũng nhấn mạnh luôn là trước khi các bạn đi vào phân tích nhân vật hoặc là đi vào phân tích đoạn trách
15-RADIO VĂN HỌC #16： KHÁT VỌNG SỐNG CỦA MỊ TRONG ＂VỢ CHỒNG A PHỦ＂_seg_008.wav|hay nói cách khác nói chung hơn là đi và phân tích cái vấn đề nghị luận mà Đế vải đặt ra.
15-RADIO VĂN HỌC #16： KHÁT VỌNG SỐNG CỦA MỊ TRONG ＂VỢ CHỒNG A PHỦ＂_seg_009.wav|hoặc nói cách khác là tóm tác một cách xúc tích và ngắn gọi về các sự kiện diễn ra trước đó.
15-RADIO VĂN HỌC #16： KHÁT VỌNG SỐNG CỦA MỊ TRONG ＂VỢ CHỒNG A PHỦ＂_seg_010.wav|Cái quen cổ ấy như một cái gật đầu chấp nghiệm cổ bị trước cái cuộc sống nhảm chán.
15-RADIO VĂN HỌC #16： KHÁT VỌNG SỐNG CỦA MỊ TRONG ＂VỢ CHỒNG A PHỦ＂_seg_011.wav|phải chuốc lấy cho mình cái danh phận và ý thức của một kẻ nôn lệnh.
15-RADIO VĂN HỌC #16： KHÁT VỌNG SỐNG CỦA MỊ TRONG ＂VỢ CHỒNG A PHỦ＂_seg_012.wav|cũng chính là lúc hồng ngài đám chìm trong những cơn giáo mổ xuân dữ rồi.
15-RADIO VĂN HỌC #16： KHÁT VỌNG SỐNG CỦA MỊ TRONG ＂VỢ CHỒNG A PHỦ＂_seg_013.wav|khi nghề tiếng xáo của ai đó rủ bạn đi chơi tự xa vọc lại.
15-RADIO VĂN HỌC #16： KHÁT VỌNG SỐNG CỦA MỊ TRONG ＂VỢ CHỒNG A PHỦ＂_seg_014.wav|Hùng Chia Giữ với Mỹ không có lòng với nhau mà vẫn phải ở với nhau.
15-RADIO VĂN HỌC #16： KHÁT VỌNG SỐNG CỦA MỊ TRONG ＂VỢ CHỒNG A PHỦ＂_seg_015.wav|Phải hồi tưởng về niềm tự do mà mình vẫn có cơ hội sở hữu.
15-RADIO VĂN HỌC #16： KHÁT VỌNG SỐNG CỦA MỊ TRONG ＂VỢ CHỒNG A PHỦ＂_seg_016.wav|là bản lề của một cánh cửa đưa bị đến với một cuộc sống tự do hạnh phúc.
15-RADIO VĂN HỌC #16： KHÁT VỌNG SỐNG CỦA MỊ TRONG ＂VỢ CHỒNG A PHỦ＂_seg_017.wav|ta có thể dễ dàng lên tường đến một nhân vật khác vốn đắm chìm trong sự chấn ác.
15-RADIO VĂN HỌC #16： KHÁT VỌNG SỐNG CỦA MỊ TRONG ＂VỢ CHỒNG A PHỦ＂_seg_018.wav|Thế nhưng mà cô nghĩ rằng cũng là một kết bài an toàn và phù hợp trong cái giới hạn thời gian.
15-RADIO VĂN HỌC #16： KHÁT VỌNG SỐNG CỦA MỊ TRONG ＂VỢ CHỒNG A PHỦ＂_seg_019.wav|Bạn Hiệu có một giọng văn rất là súc tích, ngắn gọi và mệt lạc
15-RADIO VĂN HỌC #16： KHÁT VỌNG SỐNG CỦA MỊ TRONG ＂VỢ CHỒNG A PHỦ＂_seg_020.wav|Thực ra thì bài của Hiệu cũng có một số những cái vấn đề nhất định trong quá trình cô chấm cô đã sửa lại.
15-RADIO VĂN HỌC #16： KHÁT VỌNG SỐNG CỦA MỊ TRONG ＂VỢ CHỒNG A PHỦ＂_seg_021.wav|Rất cảm ơn các bạn vì đã đồng hành cùng cô Sương Mai trong Radio Văn học ngày hôm nay.
16-RADIO VĂN HỌC #17： ＂VỘI VÀNG＂ CỦA XUÂN DIỆU ✨_seg_000.wav|Bởi vì bài thơ trước khi đi vào nội dung chính thức ấy.
16-RADIO VĂN HỌC #17： ＂VỘI VÀNG＂ CỦA XUÂN DIỆU ✨_seg_001.wav|thì câu thơ ấy, khổ thơ ấy, hoặc là lời văn đề từ ấy.
16-RADIO VĂN HỌC #17： ＂VỘI VÀNG＂ CỦA XUÂN DIỆU ✨_seg_002.wav|nó sẽ khái quắc được tinh thần, nội dung và cảm hứng chủ đạo.
16-RADIO VĂN HỌC #17： ＂VỘI VÀNG＂ CỦA XUÂN DIỆU ✨_seg_003.wav|Mình nhớ là ngày xưa khi mà được học bài thơ vội vàng lần đầu tiên.
16-RADIO VĂN HỌC #17： ＂VỘI VÀNG＂ CỦA XUÂN DIỆU ✨_seg_004.wav|Rõ ràng tắc năng và buộc gió là những việc nằm ngoài tầm kiểm soát của con người.
16-RADIO VĂN HỌC #17： ＂VỘI VÀNG＂ CỦA XUÂN DIỆU ✨_seg_005.wav|làm sao có thể giữ lấy được một điều gì đấy của thiên nhiên chỉ cho bản thân mình.
16-RADIO VĂN HỌC #17： ＂VỘI VÀNG＂ CỦA XUÂN DIỆU ✨_seg_006.wav|để giữ lấy cho mình những gì đẹp nhất của cuộc đời này.
16-RADIO VĂN HỌC #17： ＂VỘI VÀNG＂ CỦA XUÂN DIỆU ✨_seg_007.wav|mà nhà thơ đã thể hiện một cái niềm say mê tận hưởng cuộc sống.
16-RADIO VĂN HỌC #17： ＂VỘI VÀNG＂ CỦA XUÂN DIỆU ✨_seg_008.wav|Nhà thờ đã vẽ ra chức vắt bạn đọc một khung cảnh về mùa xuân.
16-RADIO VĂN HỌC #17： ＂VỘI VÀNG＂ CỦA XUÂN DIỆU ✨_seg_009.wav|với thiên nhiên căng tràn ở cái độ tươi mới nhất.
16-RADIO VĂN HỌC #17： ＂VỘI VÀNG＂ CỦA XUÂN DIỆU ✨_seg_010.wav|Và dùng lại chức bất cứ vẻ đẹp nào đều cảm thấy xuyến sao.
16-RADIO VĂN HỌC #17： ＂VỘI VÀNG＂ CỦA XUÂN DIỆU ✨_seg_011.wav|Thế nên là à, khoe ra từng thứ một, liệt kê từng thứ một
16-RADIO VĂN HỌC #17： ＂VỘI VÀNG＂ CỦA XUÂN DIỆU ✨_seg_012.wav|Sự vật nào, hình ảnh nào, thanh âm nào
16-RADIO VĂN HỌC #17： ＂VỘI VÀNG＂ CỦA XUÂN DIỆU ✨_seg_013.wav|Nhà thơ trọn lượt, nhà thơ đưa vào những vần thơ.
16-RADIO VĂN HỌC #17： ＂VỘI VÀNG＂ CỦA XUÂN DIỆU ✨_seg_014.wav|Tiếng người nói có thể lao sao bên cạnh hoặc lao sao ở đằng xa thôi.
16-RADIO VĂN HỌC #17： ＂VỘI VÀNG＂ CỦA XUÂN DIỆU ✨_seg_015.wav|Đối với mình, cái sự giao tiếp và kết nối ấy giữa con người về thế nhân rất là quan trọng.
16-RADIO VĂN HỌC #17： ＂VỘI VÀNG＂ CỦA XUÂN DIỆU ✨_seg_016.wav|Các bạn sẽ có một cái cảm giác rực rỡ tui mới căng tràn.
16-RADIO VĂN HỌC #17： ＂VỘI VÀNG＂ CỦA XUÂN DIỆU ✨_seg_017.wav|Tháng riêng ngon như một cặp môi gần. Một cái so sánh rất lã.
16-RADIO VĂN HỌC #17： ＂VỘI VÀNG＂ CỦA XUÂN DIỆU ✨_seg_018.wav|mà tôi nhớ mùa xuân ngay cả khi mùa xuân đang diện hữu đang ở bên cạnh mình.
16-RADIO VĂN HỌC #17： ＂VỘI VÀNG＂ CỦA XUÂN DIỆU ✨_seg_019.wav|Đừng để sau này khi vào tuổi 30, 35, 40 ập tới!
16-RADIO VĂN HỌC #17： ＂VỘI VÀNG＂ CỦA XUÂN DIỆU ✨_seg_020.wav|Nhà Thao Xuân Diệu là một trong những cây bút tiên phong nói về sự hữu hạng.
16-RADIO VĂN HỌC #17： ＂VỘI VÀNG＂ CỦA XUÂN DIỆU ✨_seg_021.wav|Lòng tôi rộng những lượng trời cứ chật không cho dài tuổi trẻ của nhân gian mà.
16-RADIO VĂN HỌC #17： ＂VỘI VÀNG＂ CỦA XUÂN DIỆU ✨_seg_022.wav|Nhà ta Xuân Diệu nhận thức về sự ưu án không phải là để buồn bã.
16-RADIO VĂN HỌC #17： ＂VỘI VÀNG＂ CỦA XUÂN DIỆU ✨_seg_023.wav|có nghĩa là ta vẫn đang còn mùa xuân, ta vẫn đang còn tuổi trẻ, ta vẫn đang còn cơ hội.
16-RADIO VĂN HỌC #17： ＂VỘI VÀNG＂ CỦA XUÂN DIỆU ✨_seg_024.wav|Tất cả những động tử mạnh để cho thấy cái khao khắt được chiếm hữu thiên nhiên.
16-RADIO VĂN HỌC #17： ＂VỘI VÀNG＂ CỦA XUÂN DIỆU ✨_seg_025.wav|Khao khát được trinh phục thiên nhiên, khao khát được tận hưởng và tận hiến với cơ hội.
16-RADIO VĂN HỌC #17： ＂VỘI VÀNG＂ CỦA XUÂN DIỆU ✨_seg_026.wav|Tháng riêng ngón như một cặp bôi gần hỡi, sơn ổng ta muốn cắn vào ngươi
16-RADIO VĂN HỌC #17： ＂VỘI VÀNG＂ CỦA XUÂN DIỆU ✨_seg_027.wav|Coi mổ xuân như là một cái sự vật hiện hữu, coi mổ xuân được.
18-Radio Đời sống： Không có một đam mê lớn lao là thất bại？_seg_000.wav|Bởi vì khi mà các bạn có đam mê, tức là khi mà các bạn có một buộc tiêu rõ ràng.
18-Radio Đời sống： Không có một đam mê lớn lao là thất bại？_seg_001.wav|Các bạn mong mỏi rằng là à, trong một khoảng thời gian nhất định tới...
18-Radio Đời sống： Không có một đam mê lớn lao là thất bại？_seg_002.wav|Mỗi sáng chúng ta thức dậy khi mà chúng ta biết rằng là mình sẽ phải làm gì.
18-Radio Đời sống： Không có một đam mê lớn lao là thất bại？_seg_003.wav|Một ngày năng suất hơn, một ngày không bị rơi vào cái trạng thái tranh vinh.
18-Radio Đời sống： Không có một đam mê lớn lao là thất bại？_seg_004.wav|Đôi khi vì những phương tiện truyền thông đại chúng quá mạnh mẽ, vì những nền tẳng mạng xã hội nở rộng một cách rực rỡ,
18-Radio Đời sống： Không có một đam mê lớn lao là thất bại？_seg_005.wav|Nếu như mình không có một đam mê, mình không có một ước mơ, hay mình không muốn trở thành một ai đấy.
18-Radio Đời sống： Không có một đam mê lớn lao là thất bại？_seg_006.wav|về sự sôi nổi, nhiệt huyết, về độ dài rộng của năm tháng để chúng ta tiếp cục phấn đấu.
18-Radio Đời sống： Không có một đam mê lớn lao là thất bại？_seg_007.wav|Nếu như bạn có thể chạm được một vị trí giống như họ
18-Radio Đời sống： Không có một đam mê lớn lao là thất bại？_seg_008.wav|Các bạn có được tất cả mọi thứ giống như họ mà các bạn đã từng gượng vọng.
18-Radio Đời sống： Không có một đam mê lớn lao là thất bại？_seg_009.wav|Nếu như xã hội công nhận các bạn là một người rất là thành công
18-Radio Đời sống： Không có một đam mê lớn lao là thất bại？_seg_010.wav|Nhưng tự các bạn cảm thấy rằng là đó không phải là những gì mà mình chờ đợi.
18-Radio Đời sống： Không có một đam mê lớn lao là thất bại？_seg_011.wav|Sẽ có những sự thành công được định nhẽ rất bé nhỏ, rất bình dị và rất đơn giản như thế thôi ách.
18-Radio Đời sống： Không có một đam mê lớn lao là thất bại？_seg_012.wav|sẽ có những cái đích không như những gì mà các bạn mưởng tượng ở thời điểm các bạn xuất phát.
19-Radio Văn học： Tản văn “Khúc ba mươi” - Nguyễn Ngọc Tư_seg_000.wav|Nhưng mà đồng thời thì tính theo tết nguyên đản, tính theo lịch âm của chúng ta
19-Radio Văn học： Tản văn “Khúc ba mươi” - Nguyễn Ngọc Tư_seg_001.wav|Có thể là về những ngày mắc mé, chuẩn bị ra năm mươi.
19-Radio Văn học： Tản văn “Khúc ba mươi” - Nguyễn Ngọc Tư_seg_002.wav|Có thể là có năm sẽ là ngày 29 chứ không phải là ngày 30 nữa chẳng hạn đúng không?
19-Radio Văn học： Tản văn “Khúc ba mươi” - Nguyễn Ngọc Tư_seg_003.wav|Nhưng mà chúng ta vẫn gọi khúc 30 để nói về ngày cuối năm.
19-Radio Văn học： Tản văn “Khúc ba mươi” - Nguyễn Ngọc Tư_seg_004.wav|sẽ có những điều đúng là giống như cách mà nhà văn Nguyễn Ngọc Tư khắc họa một cách cực kỳ tự nhiên khéo léo.
19-Radio Văn học： Tản văn “Khúc ba mươi” - Nguyễn Ngọc Tư_seg_005.wav|Tại sao ngày 30 cứ phải sốn sang, xôi động mỗi người một việc tấp đập hối ả như thế?
19-Radio Văn học： Tản văn “Khúc ba mươi” - Nguyễn Ngọc Tư_seg_006.wav|Tại sao ngày 30 lại là cái ngày mà mọi người không thể nào nói cái câu Để mai rồi làm nữa
19-Radio Văn học： Tản văn “Khúc ba mươi” - Nguyễn Ngọc Tư_seg_007.wav|Cái sự chờ đợi đã được chỉ hoãn và gác lại trong năm.
19-Radio Văn học： Tản văn “Khúc ba mươi” - Nguyễn Ngọc Tư_seg_008.wav|để chúng ta có cảm giác gói lại năm cũ sao cho gọn gàng nhất.
19-Radio Văn học： Tản văn “Khúc ba mươi” - Nguyễn Ngọc Tư_seg_009.wav|kể cả là những nhà mà điều kiện chưa mấy dư giả.
19-Radio Văn học： Tản văn “Khúc ba mươi” - Nguyễn Ngọc Tư_seg_010.wav|trong khúc 30 mà vừa rồi chúng ta cùng đọc của nhà văn Nguyễn Ngọc Tư.
20-Radio Văn học： Bến quê - Nguyễn Minh Châu_seg_000.wav|nơi mà sương mai rất là trông chờ được giới thiệu đến với quý vị.
20-Radio Văn học： Bến quê - Nguyễn Minh Châu_seg_001.wav|Có những số radio văn học, chúng ta sẽ cùng nhau đọc những bài viết hay.
20-Radio Văn học： Bến quê - Nguyễn Minh Châu_seg_002.wav|mở rộng những trải nghiệm cảm xúc của bản thân, mở rộng vốn tư.
20-Radio Văn học： Bến quê - Nguyễn Minh Châu_seg_003.wav|Một điểm mong mỏi của Sương Mai khi xây dựng các số radio hằng tuần được lên sóng đều đạn trên fanpage.
20-Radio Văn học： Bến quê - Nguyễn Minh Châu_seg_004.wav|và đặc biệt là mong vòi riêng của mình đối với chuôi mục Radio Văn học.
20-Radio Văn học： Bến quê - Nguyễn Minh Châu_seg_005.wav|Để mong rằng là khi mà quý vị không còn bắt buộc phải học văn
20-Radio Văn học： Bến quê - Nguyễn Minh Châu_seg_006.wav|thì chúng ta vẫn sẽ quay trở lại gặp gỡ với Văn Trương.
20-Radio Văn học： Bến quê - Nguyễn Minh Châu_seg_007.wav|cũng như là ở thời điểm mà chúng ta đang ở trong những ngày cuối cùng của năm cũ.
20-Radio Văn học： Bến quê - Nguyễn Minh Châu_seg_008.wav|Ở thời điểm đó thì có lẽ mình chưa rút ra được quá nhiều những bài học.
20-Radio Văn học： Bến quê - Nguyễn Minh Châu_seg_009.wav|Bởi vì thời điểm này là lúc mà chúng ta hay nói về...
20-Radio Văn học： Bến quê - Nguyễn Minh Châu_seg_010.wav|giữa bản thân mình với những bài học và thông điệp chất lý nhân sinh.
20-Radio Văn học： Bến quê - Nguyễn Minh Châu_seg_011.wav|Tuy nhiên, giống như vừa rồi sư mạc cũng có chia sẻ ở góc nhìn cá nhân của mình.
20-Radio Văn học： Bến quê - Nguyễn Minh Châu_seg_012.wav|Ví dụ như ở thời điểm 15 tuổi, có thể bạn sẽ có những cảm nhận riêng.
20-Radio Văn học： Bến quê - Nguyễn Minh Châu_seg_013.wav|Các bạn hãy thử dành thời gian để đọc lại bến quê của Nguyễn Minh cho thêm một lần nữa nhé.
20-Radio Văn học： Bến quê - Nguyễn Minh Châu_seg_014.wav|Anh nghĩ này thì có một cuộc đời tuổi trẻ có thể nói
20-Radio Văn học： Bến quê - Nguyễn Minh Châu_seg_015.wav|Mới mẻ, anh đã từng giao lưu và kết nối với rất nhiều người và lắng nghe thật nhiều câu chuyện.
20-Radio Văn học： Bến quê - Nguyễn Minh Châu_seg_016.wav|Nó là một câu nói có phần xa vời với tình hình sức khỏe của anh.
20-Radio Văn học： Bến quê - Nguyễn Minh Châu_seg_017.wav|Anh đặt ra mục tiêu là tự mình đi đến cái bậc cầu thang.
20-Radio Văn học： Bến quê - Nguyễn Minh Châu_seg_018.wav|anh nhận ra là những đứa nhỏ ua vào trong nhà với bác nghĩ.
20-Radio Văn học： Bến quê - Nguyễn Minh Châu_seg_019.wav|Anh nhận ra rằng là cái bến bờ bãi ở bên kia xong chỉ cắt một đoạn đỏ ngang thôi.
20-Radio Văn học： Bến quê - Nguyễn Minh Châu_seg_020.wav|Yêu cầu này lạ lùng đến mức mà khi mà nhìn phản ứng của con trai
20-Radio Văn học： Bến quê - Nguyễn Minh Châu_seg_021.wav|đưa ra thêm cụ thể là hay là con cầm vài đồng bạc.
20-Radio Văn học： Bến quê - Nguyễn Minh Châu_seg_022.wav|mình mới tạm gác lại những điều chưa đủ sự hầu noáng.
20-Radio Văn học： Bến quê - Nguyễn Minh Châu_seg_023.wav|Anh không muốn con mình cũng sẽ phải đối diện với niềm đối tiếc như thế.
20-Radio Văn học： Bến quê - Nguyễn Minh Châu_seg_024.wav|Cái bờ bãi bên kia sông ở ngay chính quê Hương Bình
20-Radio Văn học： Bến quê - Nguyễn Minh Châu_seg_025.wav|Vậy thì sẽ có những nơi, sẽ có những điều, sẽ có những người, sẽ có những thói quen.
20-Radio Văn học： Bến quê - Nguyễn Minh Châu_seg_026.wav|Kể cả chúng ta tin rằng bình vẫn còn rộng dài những tháng năm và những cơ hội.
